"cruise","cast","niskin","date","latitude","longitude","depth","sample_id","replicate","nitrate_nitrite","ammonium","phosphate","silicate","alternate_sample_id","project_id","nearest_station","station_distance"
"AR22",1,1,2017-09-02 15:24:59,41.1298,-70.8313,27.739,7,"a",0,0.79,0.093,2.175,NA,"JP","JP1",0.113
"AR22",1,1,2017-09-02 15:24:59,41.1298,-70.8313,27.739,8,"b",0,0.454,0.094,2.195,NA,"JP","JP1",0.113
"AR22",1,2,2017-09-02 15:27:23,41.1298,-70.8313,20.7,9,"a",0,0.572,0.107,0.768,NA,"JP","JP1",0.113
"AR22",1,2,2017-09-02 15:27:23,41.1298,-70.8313,20.7,10,"b",0,0.691,0.114,0.731,NA,"JP","JP1",0.113
"AR22",1,3,2017-09-02 15:28:52,41.1298,-70.8313,12.637,11,"a",0,0.303,0.147,0.371,NA,"JP","JP1",0.113
"AR22",1,3,2017-09-02 15:28:52,41.1298,-70.8313,12.637,12,"b",0,0.628,0.115,0.62,NA,"JP","JP1",0.113
"AR22",1,4,2017-09-02 15:30:00,41.1298,-70.8313,2.87,13,"a",0,0.677,0.097,0,NA,"JP","JP1",0.113
"AR22",1,4,2017-09-02 15:30:00,41.1298,-70.8313,2.87,14,"b",0,0,0.199,0.996,NA,"JP","JP1",0.113
"AR22",2,1,2017-09-02 17:47:48,40.7963,-70.8283,50.748,15,"a",0.851,1.623,0.297,2.914,NA,"JP","JP2",0.431
"AR22",2,1,2017-09-02 17:47:48,40.7963,-70.8283,50.748,16,"b",3.265,1.28,0.53,8.561,NA,"JP","JP2",0.431
"AR22",2,2,2017-09-02 17:49:24,40.7963,-70.8283,40.834,17,"a",1.124,0.966,0.343,3.064,NA,"JP","JP2",0.431
"AR22",2,2,2017-09-02 17:49:24,40.7963,-70.8283,40.834,18,"b",1.116,1.015,0.314,2.927,NA,"JP","JP2",0.431
"AR22",2,3,2017-09-02 17:51:48,40.7963,-70.8283,33.901,19,"a",0,0.598,0.061,0,NA,"JP","JP2",0.431
"AR22",2,3,2017-09-02 17:51:48,40.7963,-70.8283,33.901,20,"b",0,1.092,0.055,0,NA,"JP","JP2",0.431
"AR22",2,4,2017-09-02 17:54:11,40.7963,-70.8283,22.856,21,"a",0,1.054,0.032,0,NA,"JP","JP2",0.431
"AR22",2,4,2017-09-02 17:54:11,40.7963,-70.8283,22.856,22,"b",0,0.376,0.025,0,NA,"JP","JP2",0.431
"AR22",2,5,2017-09-02 17:56:00,40.7963,-70.8283,12.771,23,"a",0,0.462,0.082,0,NA,"JP","JP2",0.431
"AR22",2,5,2017-09-02 17:56:00,40.7963,-70.8283,12.771,24,"b",0,0.759,0.041,0,NA,"JP","JP2",0.431
"AR22",2,6,2017-09-02 17:57:29,40.7963,-70.8283,2.793,25,"a",0,0.516,0.033,0,NA,"JP","JP2",0.431
"AR22",2,6,2017-09-02 17:57:29,40.7963,-70.8283,2.793,26,"b",0,0.947,0.009,0,NA,"JP","JP2",0.431
"AR22",3,1,2017-09-02 20:03:40,40.5008,-70.8315,69.539,27,"a",7.365,0.246,0.603,11.127,NA,"JP","JP3",0.157
"AR22",3,1,2017-09-02 20:03:40,40.5008,-70.8315,69.539,28,"b",6.005,0.253,0.561,9.21,NA,"JP","JP3",0.157
"AR22",3,2,2017-09-02 20:05:37,40.5008,-70.8315,58.407,29,"a",5.638,0.329,0.501,6.576,NA,"JP","JP3",0.157
"AR22",3,2,2017-09-02 20:05:37,40.5008,-70.8315,58.407,30,"b",4.39,0.468,0.368,5.254,NA,"JP","JP3",0.157
"AR22",3,3,2017-09-02 20:07:23,40.5008,-70.8315,50.412,31,"a",5.819,0.382,0.528,6.313,NA,"JP","JP3",0.157
"AR22",3,3,2017-09-02 20:07:23,40.5008,-70.8315,50.412,32,"b",6.351,0.351,0.545,6.182,NA,"JP","JP3",0.157
"AR22",3,4,2017-09-02 20:09:15,40.5008,-70.8315,30.525,33,"a",1.022,0.929,0.256,0.927,NA,"JP","JP3",0.157
"AR22",3,4,2017-09-02 20:09:15,40.5008,-70.8315,30.525,34,"b",2.238,0.63,0.343,2.261,NA,"JP","JP3",0.157
"AR22",3,5,2017-09-02 20:11:53,40.5008,-70.8315,22.356,35,"a",0,0.378,0.098,0.204,NA,"JP","JP3",0.157
"AR22",3,5,2017-09-02 20:11:53,40.5008,-70.8315,22.356,36,"b",0,0.153,0.124,0.64,NA,"JP","JP3",0.157
"AR22",3,6,2017-09-02 20:13:48,40.5008,-70.8315,2.533,37,"a",0,0.218,0.079,0.441,NA,"JP","JP3",0.157
"AR22",3,6,2017-09-02 20:13:48,40.5008,-70.8315,2.533,38,"b",0,0.286,0.076,0.409,NA,"JP","JP3",0.157
"AR22",4,1,2017-09-02 21:06:41,40.42,-70.8282,77.13,39,"a",7.15,0.276,0.511,8.107,NA,"JP","JP4",0.156
"AR22",4,1,2017-09-02 21:06:41,40.42,-70.8282,77.13,40,"b",7.148,0.284,0.512,8.121,NA,"JP","JP4",0.156
"AR22",4,2,2017-09-02 21:08:50,40.42,-70.8282,66.357,41,"a",3.639,0.431,0.304,2.631,NA,"JP","JP4",0.156
"AR22",4,2,2017-09-02 21:08:50,40.42,-70.8282,66.357,42,"b",4.095,0.212,0.33,3.003,NA,"JP","JP4",0.156
"AR22",4,3,2017-09-02 21:10:45,40.42,-70.8282,50.35,43,"a",6.857,0.362,0.575,7.617,NA,"JP","JP4",0.156
"AR22",4,3,2017-09-02 21:10:45,40.42,-70.8282,50.35,44,"b",6.872,0.299,0.565,7.556,NA,"JP","JP4",0.156
"AR22",4,4,2017-09-02 21:12:23,40.42,-70.8282,30.438,45,"a",0.924,1.02,0.269,0.624,NA,"JP","JP4",0.156
"AR22",4,4,2017-09-02 21:12:23,40.42,-70.8282,30.438,46,"b",2.621,0.654,0.375,2.185,NA,"JP","JP4",0.156
"AR22",4,5,2017-09-02 21:13:59,40.42,-70.8282,19.284,47,"a",0,0.535,0.061,0.117,NA,"JP","JP4",0.156
"AR22",4,5,2017-09-02 21:13:59,40.42,-70.8282,19.284,48,"b",0,0.601,0.058,0.122,NA,"JP","JP4",0.156
"AR22",4,6,2017-09-02 21:15:37,40.42,-70.8282,2.118,49,"a",0,0.208,0.065,0.186,NA,"JP","JP4",0.156
"AR22",4,6,2017-09-02 21:15:37,40.42,-70.8282,2.118,50,"b",0,0.317,0.06,0.129,NA,"JP","JP4",0.156
"AR22",5,1,2017-09-02 22:20:18,40.3297,-70.8293,94.145,51,"a",7.881,0.688,0.59,10.287,NA,"JP","JP5",0.068
"AR22",5,1,2017-09-02 22:20:18,40.3297,-70.8293,94.145,52,"b",10.124,0.464,0.68,12.918,NA,"JP","JP5",0.068
"AR22",5,2,2017-09-02 22:22:14,40.3297,-70.8293,70.194,53,"a",4.266,1.315,0.389,5.097,NA,"JP","JP5",0.068
"AR22",5,2,2017-09-02 22:22:14,40.3297,-70.8293,70.194,54,"b",5.448,0.778,0.465,6.307,NA,"JP","JP5",0.068
"AR22",5,3,2017-09-02 22:24:44,40.3297,-70.8293,48.411,55,"a",5.47,0.791,0.437,5.964,NA,"JP","JP5",0.068
"AR22",5,3,2017-09-02 22:24:44,40.3297,-70.8293,48.411,56,"b",4.465,0.782,0.365,5.085,NA,"JP","JP5",0.068
"AR22",5,4,2017-09-02 22:27:13,40.3297,-70.8293,38.449,57,"a",0.295,0.741,0.118,0.437,NA,"JP","JP5",0.068
"AR22",5,4,2017-09-02 22:27:13,40.3297,-70.8293,38.449,58,"b",0,1.308,0.097,0,NA,"JP","JP5",0.068
"AR22",5,5,2017-09-02 22:28:42,40.3297,-70.8293,27.52,59,"a",0,0.727,0,0,NA,"JP","JP5",0.068
"AR22",5,5,2017-09-02 22:28:42,40.3297,-70.8293,27.52,60,"b",0,1.258,0,0,NA,"JP","JP5",0.068
"AR22",5,6,2017-09-02 22:30:33,40.3297,-70.8293,2.589,61,"a",0,0.786,0,0,NA,"JP","JP5",0.068
"AR22",5,6,2017-09-02 22:30:33,40.3297,-70.8293,2.589,62,"b",0,0.936,0,0,NA,"JP","JP5",0.068
"AR22",6,1,2017-09-02 23:31:56,40.2498,-70.8303,113.234,63,"a",10.775,0.312,0.658,9.448,NA,"JP","JP6",0.034
"AR22",6,1,2017-09-02 23:31:56,40.2498,-70.8303,113.234,64,"b",7.655,0.615,0.544,6.767,NA,"JP","JP6",0.034
"AR22",6,2,2017-09-02 23:34:14,40.2498,-70.8303,92.172,65,"a",6.365,0.736,0.504,6.367,NA,"JP","JP6",0.034
"AR22",6,2,2017-09-02 23:34:14,40.2498,-70.8303,92.172,66,"b",6.584,0.766,0.474,6.628,NA,"JP","JP6",0.034
"AR22",6,3,2017-09-02 23:36:12,40.2498,-70.8303,69.528,67,"a",8.149,0.529,0.531,7.623,NA,"JP","JP6",0.034
"AR22",6,3,2017-09-02 23:36:12,40.2498,-70.8303,69.528,68,"b",8.121,0.588,0.529,7.619,NA,"JP","JP6",0.034
"AR22",6,4,2017-09-02 23:38:21,40.2498,-70.8303,44.554,69,"a",0.468,0.634,0.116,0.581,NA,"JP","JP6",0.034
"AR22",6,4,2017-09-02 23:38:21,40.2498,-70.8303,44.554,70,"b",0.386,0.483,0.121,0.569,NA,"JP","JP6",0.034
"AR22",6,5,2017-09-02 23:39:59,40.2498,-70.8303,31.318,71,"a",0,0.614,0,0,NA,"JP","JP6",0.034
"AR22",6,5,2017-09-02 23:39:59,40.2498,-70.8303,31.318,72,"b",0,0.67,0,0,NA,"JP","JP6",0.034
"AR22",6,6,2017-09-02 23:41:44,40.2498,-70.8303,2.458,73,"a",0,0.872,0,0,NA,"JP","JP6",0.034
"AR22",6,6,2017-09-02 23:41:44,40.2498,-70.8303,2.458,74,"b",0,0.76,0,0,NA,"JP","JP6",0.034
"AR22",7,2,2017-09-03 00:47:11,40.1707,-70.8303,102.228,77,"a",5.81,1.609,0.347,4.047,NA,"JP","JP7",0.079
"AR22",7,2,2017-09-03 00:47:11,40.1707,-70.8303,102.228,78,"b",8.285,1.144,0.549,5.435,NA,"JP","JP7",0.079
"AR22",7,3,2017-09-03 00:49:41,40.1707,-70.8303,67.345,79,"a",4.6,0.675,0.368,3.256,NA,"JP","JP7",0.079
"AR22",7,3,2017-09-03 00:49:41,40.1707,-70.8303,67.345,80,"b",3.764,0.814,0.339,2.606,NA,"JP","JP7",0.079
"AR22",7,4,2017-09-03 00:51:33,40.1707,-70.8303,47.396,81,"a",0.057,0.466,0.105,0.901,NA,"JP","JP7",0.079
"AR22",7,4,2017-09-03 00:51:33,40.1707,-70.8303,47.396,82,"b",0.26,0.959,0.076,0.711,NA,"JP","JP7",0.079
"AR22",7,5,2017-09-03 00:53:24,40.1707,-70.8303,33.394,83,"a",0,1.347,0,0,NA,"JP","JP7",0.079
"AR22",7,5,2017-09-03 00:53:24,40.1707,-70.8303,33.394,84,"b",0,1.204,0,0,NA,"JP","JP7",0.079
"AR22",7,6,2017-09-03 00:55:24,40.1707,-70.8303,2.482,85,"a",0,1.421,0,0,NA,"JP","JP7",0.079
"AR22",7,6,2017-09-03 00:55:24,40.1707,-70.8303,2.482,86,"b",0,1.245,0,0,NA,"JP","JP7",0.079
"AR22",8,1,2017-09-03 02:02:04,40.0793,-70.8293,139.156,87,"a",5.421,0.714,0.502,3.47,NA,"JP","JP8",0.093
"AR22",8,1,2017-09-03 02:02:04,40.0793,-70.8293,139.156,88,"b",11.228,0,0.677,7.286,NA,"JP","JP8",0.093
"AR22",8,3,2017-09-03 02:05:21,40.0793,-70.8293,102.376,89,"a",2.747,0.867,0.307,0.588,NA,"JP","JP8",0.093
"AR22",8,3,2017-09-03 02:05:21,40.0793,-70.8293,102.376,90,"b",7.35,0.691,0.392,2.229,NA,"JP","JP8",0.093
"AR22",8,4,2017-09-03 02:07:40,40.0793,-70.8293,59.48,91,"a",2.951,1.061,0.37,2.23,NA,"JP","JP8",0.093
"AR22",8,4,2017-09-03 02:07:40,40.0793,-70.8293,59.48,92,"b",2.482,1.089,0.323,2.114,NA,"JP","JP8",0.093
"AR22",8,5,2017-09-03 02:09:31,40.0793,-70.8293,36.272,93,"a",0,0.499,0.039,0.683,NA,"JP","JP8",0.093
"AR22",8,5,2017-09-03 02:09:31,40.0793,-70.8293,36.272,94,"b",0,1.067,0.044,0,NA,"JP","JP8",0.093
"AR22",8,6,2017-09-03 02:10:54,40.0793,-70.8293,25.23,95,"a",0,0.822,0,0,NA,"JP","JP8",0.093
"AR22",8,6,2017-09-03 02:10:54,40.0793,-70.8293,25.23,96,"b",0,0.914,0,0,NA,"JP","JP8",0.093
"AR22",8,7,2017-09-03 02:12:40,40.0793,-70.8293,2.336,97,"a",0,1.181,0,0,NA,"JP","JP8",0.093
"AR22",8,7,2017-09-03 02:12:40,40.0793,-70.8293,2.336,98,"b",0,1.348,0,0,NA,"JP","JP8",0.093
"AR22",9,1,2017-09-03 03:07:19,39.9995,-70.8298,290.911,99,"a",21.412,0.582,1.319,12.262,NA,"JP","JP9",0.057
"AR22",9,1,2017-09-03 03:07:19,39.9995,-70.8298,290.911,100,"b",18.785,0.853,1.142,10.782,NA,"JP","JP9",0.057
"AR22",9,2,2017-09-03 03:09:41,39.9995,-70.8298,251.457,101,"a",14.441,0,0.953,7.309,NA,"JP","JP9",0.057
"AR22",9,2,2017-09-03 03:09:41,39.9995,-70.8298,251.457,102,"b",15.004,0.092,0.926,7.6,NA,"JP","JP9",0.057
"AR22",9,3,2017-09-03 03:12:17,39.9995,-70.8298,201.66,103,"a",14.819,0.357,0.871,6.772,NA,"JP","JP9",0.057
"AR22",9,3,2017-09-03 03:12:17,39.9995,-70.8298,201.66,104,"b",14.075,0.515,0.813,5.996,NA,"JP","JP9",0.057
"AR22",9,4,2017-09-03 03:15:00,39.9995,-70.8298,151.79,105,"a",10.37,0.631,0.57,3.541,NA,"JP","JP9",0.057
"AR22",9,4,2017-09-03 03:15:00,39.9995,-70.8298,151.79,106,"b",9.267,0.638,0.56,3.241,NA,"JP","JP9",0.057
"AR22",9,5,2017-09-03 03:17:33,39.9995,-70.8298,101.967,107,"a",10.167,0.416,0.527,3.178,NA,"JP","JP9",0.057
"AR22",9,5,2017-09-03 03:17:33,39.9995,-70.8298,101.967,108,"b",10.581,0,0.609,3.255,NA,"JP","JP9",0.057
"AR22",9,6,2017-09-03 03:19:16,39.9995,-70.8298,76.935,109,"a",7.256,0,0.383,2.255,NA,"JP","JP9",0.057
"AR22",9,6,2017-09-03 03:19:16,39.9995,-70.8298,76.935,110,"b",7.345,0,0.411,2.236,NA,"JP","JP9",0.057
"AR22",9,7,2017-09-03 03:20:50,39.9995,-70.8298,52.147,111,"a",1.2,0.063,0.186,1.254,NA,"JP","JP9",0.057
"AR22",9,7,2017-09-03 03:20:50,39.9995,-70.8298,52.147,112,"b",1.11,0.058,0.182,1.262,NA,"JP","JP9",0.057
"AR22",9,8,2017-09-03 03:22:19,39.9995,-70.8298,27.291,113,"a",0,0.133,0,0,NA,"JP","JP9",0.057
"AR22",9,8,2017-09-03 03:22:19,39.9995,-70.8298,27.291,114,"b",0,0.345,0,0,NA,"JP","JP9",0.057
"AR22",9,9,2017-09-03 03:24:19,39.9995,-70.8298,2.245,115,"a",0,0.347,0,0,NA,"JP","JP9",0.057
"AR22",9,9,2017-09-03 03:24:19,39.9995,-70.8298,2.245,116,"b",0,0.762,0,0,NA,"JP","JP9",0.057
"AR22",10,1,2017-09-03 04:25:47,39.922,-70.8282,551.315,117,"a",7.193,1.58,0.727,4.208,NA,"JP","JP10",0.272
"AR22",10,1,2017-09-03 04:25:47,39.922,-70.8282,551.315,118,"b",12.766,1.177,0.922,7.882,NA,"JP","JP10",0.272
"AR22",10,2,2017-09-03 04:28:00,39.922,-70.8282,501.301,119,"a",15.08,1.205,0.98,9.242,NA,"JP","JP10",0.272
"AR22",10,2,2017-09-03 04:28:00,39.922,-70.8282,501.301,120,"b",12.492,0.873,0.818,7.777,NA,"JP","JP10",0.272
"AR22",10,3,2017-09-03 04:31:16,39.922,-70.8282,401.437,121,"a",15.483,0.49,0.902,9.222,NA,"JP","JP10",0.272
"AR22",10,3,2017-09-03 04:31:16,39.922,-70.8282,401.437,122,"b",17.388,0.627,1.078,10.257,NA,"JP","JP10",0.272
"AR22",10,4,2017-09-03 04:34:19,39.922,-70.8282,301.609,123,"a",19.123,0.5,1.102,10.464,NA,"JP","JP10",0.272
"AR22",10,4,2017-09-03 04:34:19,39.922,-70.8282,301.609,124,"b",11.628,1.011,0.985,6.159,NA,"JP","JP10",0.272
"AR22",10,5,2017-09-03 04:37:17,39.922,-70.8282,202.015,125,"a",9.102,0.919,0.57,3.747,NA,"JP","JP10",0.272
"AR22",10,5,2017-09-03 04:37:17,39.922,-70.8282,202.015,126,"b",11.684,0.952,0.665,4.804,NA,"JP","JP10",0.272
"AR22",10,6,2017-09-03 04:40:28,39.922,-70.8282,102.203,127,"a",7.814,1.192,0.351,2.432,NA,"JP","JP10",0.272
"AR22",10,6,2017-09-03 04:40:28,39.922,-70.8282,102.203,128,"b",7.335,0.703,0.435,2.253,NA,"JP","JP10",0.272
"AR22",10,7,2017-09-03 04:43:28,39.922,-70.8282,52.471,129,"a",2.68,0.737,0.154,0.451,NA,"JP","JP10",0.272
"AR22",10,7,2017-09-03 04:43:28,39.922,-70.8282,52.471,130,"b",0.769,1.04,0.098,0,NA,"JP","JP10",0.272
"AR22",10,8,2017-09-03 04:46:09,39.922,-70.8282,2.565,131,"a",0,1.097,0.017,0,NA,"JP","JP10",0.272
"AR22",10,8,2017-09-03 04:46:09,39.922,-70.8282,2.565,132,"b",0.074,1.406,0.009,0,NA,"JP","JP10",0.272
"AR22",11,1,2017-09-03 07:33:09,40.3342,-70.9495,85.583,133,"a",4.755,0.917,0.427,7.088,NA,"JP","JP5",10.165
"AR22",11,1,2017-09-03 07:33:09,40.3342,-70.9495,85.583,134,"b",7.675,0.731,0.636,10.916,NA,"JP","JP5",10.165
"AR22",11,2,2017-09-03 07:34:49,40.3342,-70.9495,68.279,135,"a",4.203,1.335,0.436,6.94,NA,"JP","JP5",10.165
"AR22",11,2,2017-09-03 07:34:49,40.3342,-70.9495,68.279,136,"b",6.405,1.048,0.599,10.481,NA,"JP","JP5",10.165
"AR22",11,3,2017-09-03 07:36:02,40.3342,-70.9495,53.499,137,"a",5.226,1.15,0.497,8.863,NA,"JP","JP5",10.165
"AR22",11,3,2017-09-03 07:36:02,40.3342,-70.9495,53.499,138,"b",6.347,1.111,0.566,10.392,NA,"JP","JP5",10.165
"AR22",11,4,2017-09-03 07:37:28,40.3342,-70.9495,42.479,139,"a",0.076,1.106,0.116,0.682,NA,"JP","JP5",10.165
"AR22",11,4,2017-09-03 07:37:28,40.3342,-70.9495,42.479,140,"b",0,1.665,0.076,0,NA,"JP","JP5",10.165
"AR22",11,5,2017-09-03 07:38:51,40.3342,-70.9495,23.343,141,"a",0,1.274,0,0,NA,"JP","JP5",10.165
"AR22",11,5,2017-09-03 07:38:51,40.3342,-70.9495,23.343,142,"b",0,0.84,0,0,NA,"JP","JP5",10.165
"AR22",11,6,2017-09-03 07:40:21,40.3342,-70.9495,3.573,143,"a",0,1.342,0,0.255,NA,"JP","JP5",10.165
"AR22",11,6,2017-09-03 07:40:21,40.3342,-70.9495,3.573,144,"b",0,0.971,0,0,NA,"JP","JP5",10.165
"AR22",12,1,2017-09-03 08:44:31,40.3355,-71.068,83.444,145,"a",3.198,1.476,0.396,5.468,NA,"JP","JP5",20.234
"AR22",12,1,2017-09-03 08:44:31,40.3355,-71.068,83.444,146,"b",3.081,1.57,0.382,5.263,NA,"JP","JP5",20.234
"AR22",12,2,2017-09-03 08:46:34,40.3355,-71.068,58.093,147,"a",4.038,1.149,0.36,4.727,NA,"JP","JP5",20.234
"AR22",12,2,2017-09-03 08:46:34,40.3355,-71.068,58.093,148,"b",5.121,1.132,0.486,5.53,NA,"JP","JP5",20.234
"AR22",12,3,2017-09-03 08:48:22,40.3355,-71.068,43.347,149,"a",3.732,1.036,0.405,3.829,NA,"JP","JP5",20.234
"AR22",12,3,2017-09-03 08:48:22,40.3355,-71.068,43.347,150,"b",4.378,1.073,0.416,4.437,NA,"JP","JP5",20.234
"AR22",12,4,2017-09-03 08:49:47,40.3355,-71.068,32.586,151,"a",1.2,1.224,0.227,0.422,NA,"JP","JP5",20.234
"AR22",12,4,2017-09-03 08:49:47,40.3355,-71.068,32.586,152,"b",0.907,1.049,0.216,0.202,NA,"JP","JP5",20.234
"AR22",12,5,2017-09-03 08:52:06,40.3355,-71.068,23.039,153,"a",0,1.17,0.014,0,NA,"JP","JP5",20.234
"AR22",12,5,2017-09-03 08:52:06,40.3355,-71.068,23.039,154,"b",0,1.4,0.019,0,NA,"JP","JP5",20.234
"AR22",12,6,2017-09-03 08:53:43,40.3355,-71.068,3.353,155,"a",0,1.405,0,0,NA,"JP","JP5",20.234
"AR22",12,6,2017-09-03 08:53:43,40.3355,-71.068,3.353,156,"b",0,0.736,0,0,NA,"JP","JP5",20.234
"EN608",1,2,2018-01-31 19:34:45,41.1963,-70.8784,17.48,279,"a",0,0.419,0.332,0,NA,"LTER","L1",0.41
"EN608",1,2,2018-01-31 19:34:45,41.1963,-70.8784,17.48,280,"b",0,0.41,0.334,0,NA,"LTER","L1",0.41
"EN608",1,6,2018-01-31 19:37:20,41.1964,-70.8783,11.852,281,"a",0,0.537,0.326,0,NA,"LTER","L1",0.421
"EN608",1,6,2018-01-31 19:37:20,41.1964,-70.8783,11.852,282,"b",0,0.333,0.316,0,NA,"LTER","L1",0.421
"EN608",1,9,2018-01-31 19:40:43,41.1964,-70.8781,7.022,283,"a",0,0.307,0.333,0,NA,"LTER","L1",0.441
"EN608",1,9,2018-01-31 19:40:43,41.1964,-70.8781,7.022,284,"b",0,0.605,0.32,0,NA,"LTER","L1",0.441
"EN608",1,19,2018-01-31 19:45:42,41.1964,-70.8777,2.726,285,"a",0,0.464,0.334,0,NA,"LTER","L1",0.472
"EN608",1,19,2018-01-31 19:45:42,41.1964,-70.8777,2.726,286,"b",0,0.431,0.335,0,NA,"LTER","L1",0.472
"EN608",4,1,2018-02-01 05:44:26,41.0206,-70.8716,43.662,287,"a",0.533,0.703,0.421,0.746,NA,"LTER","L2",1.43
"EN608",4,1,2018-02-01 05:44:26,41.0206,-70.8716,43.662,288,"b",0.526,0.883,0.415,0.748,NA,"LTER","L2",1.43
"EN608",4,4,2018-02-01 05:47:15,41.0201,-70.8713,29.595,289,"a",0.52,0.83,0.424,0.78,NA,"LTER","L2",1.494
"EN608",4,4,2018-02-01 05:47:15,41.0201,-70.8713,29.595,290,"b",0.601,0.316,0.431,0.775,NA,"LTER","L2",1.494
"EN608",4,6,2018-02-01 05:47:34,41.02,-70.8713,29.461,291,"a",0.529,0.418,0.438,0.765,NA,"LTER","L2",1.505
"EN608",4,6,2018-02-01 05:47:34,41.02,-70.8713,29.461,292,"b",0.387,0.701,0.373,0.567,NA,"LTER","L2",1.505
"EN608",4,12,2018-02-01 05:52:23,41.0187,-70.8707,3.546,293,"a",0.538,0.753,0.418,0.759,NA,"LTER","L2",1.648
"EN608",4,12,2018-02-01 05:52:23,41.0187,-70.8707,3.546,294,"b",0.538,0.544,0.42,0.783,NA,"LTER","L2",1.648
"EN608",5,1,2018-02-01 09:24:00,40.858,-70.884,44.244,295,"a",1.267,0.756,0.47,1.579,NA,"LTER","L3",0.594
"EN608",5,1,2018-02-01 09:24:00,40.858,-70.884,44.244,296,"b",1.27,0.557,0.473,1.575,NA,"LTER","L3",0.594
"EN608",5,5,2018-02-01 09:26:50,40.8575,-70.8841,30.037,297,"a",3.145,0.702,0.486,1.632,NA,"LTER","L3",0.65
"EN608",5,5,2018-02-01 09:26:50,40.8575,-70.8841,30.037,298,"b",1.261,0.924,0.47,1.637,NA,"LTER","L3",0.65
"EN608",5,9,2018-02-01 09:29:30,40.8568,-70.8842,15.079,299,"a",1.279,0.953,0.474,1.641,NA,"LTER","L3",0.726
"EN608",5,9,2018-02-01 09:29:30,40.8568,-70.8842,15.079,300,"b",1.317,1.054,0.472,1.632,NA,"LTER","L3",0.726
"EN608",5,13,2018-02-01 09:32:45,40.8561,-70.8844,3.237,301,"a",1.276,1.138,0.47,1.626,NA,"LTER","L3",0.807
"EN608",5,13,2018-02-01 09:32:45,40.8561,-70.8844,3.237,302,"b",1.383,1.249,0.478,1.628,NA,"LTER","L3",0.807
"EN608",8,2,2018-02-01 19:20:46,40.6958,-70.8851,61.731,303,"a",2.02,1.302,0.475,1.39,NA,"LTER","L4",0.183
"EN608",8,2,2018-02-01 19:20:46,40.6958,-70.8851,61.731,304,"b",2.08,0.826,0.486,1.415,NA,"LTER","L4",0.183
"EN608",8,4,2018-02-01 19:23:05,40.6952,-70.8849,44.417,305,"a",2.014,0.881,0.483,1.402,NA,"LTER","L4",0.21
"EN608",8,4,2018-02-01 19:23:05,40.6952,-70.8849,44.417,306,"b",1.99,0.966,0.483,1.398,NA,"LTER","L4",0.21
"EN608",8,9,2018-02-01 19:25:56,40.6945,-70.8846,29.65,307,"a",1.99,1.104,0.479,1.4,NA,"LTER","L4",0.271
"EN608",8,9,2018-02-01 19:25:56,40.6945,-70.8846,29.65,308,"b",1.971,1.119,0.473,1.39,NA,"LTER","L4",0.271
"EN608",8,12,2018-02-01 19:28:22,40.6938,-70.8845,14.602,309,"a",1.964,1.006,0.474,1.406,NA,"LTER","L4",0.343
"EN608",8,12,2018-02-01 19:28:22,40.6938,-70.8845,14.602,310,"b",1.942,1.156,0.478,1.4,NA,"LTER","L4",0.343
"EN608",8,16,2018-02-01 19:30:57,40.693,-70.8842,5.443,311,"a",2.011,1.203,0.486,1.397,NA,"LTER","L4",0.416
"EN608",8,16,2018-02-01 19:30:57,40.693,-70.8842,5.443,312,"b",1.948,1.439,0.48,1.389,NA,"LTER","L4",0.416
"EN608",9,2,2018-02-01 23:38:30,40.5235,-70.8946,71.338,313,"a",4.587,1.316,0.516,2.045,NA,"LTER","L5",1.196
"EN608",9,2,2018-02-01 23:38:30,40.5235,-70.8946,71.338,314,"b",4.594,1.372,0.517,2.051,NA,"LTER","L5",1.196
"EN608",9,4,2018-02-01 23:41:26,40.5231,-70.8952,45.542,315,"a",4.564,1.438,0.511,2.026,NA,"LTER","L5",1.268
"EN608",9,4,2018-02-01 23:41:26,40.5231,-70.8952,45.542,316,"b",4.534,1.253,0.518,2.023,NA,"LTER","L5",1.268
"EN608",9,9,2018-02-01 23:44:13,40.5227,-70.8958,29.43,317,"a",4.543,1.348,0.505,1.998,NA,"LTER","L5",1.335
"EN608",9,9,2018-02-01 23:44:13,40.5227,-70.8958,29.43,318,"b",4.809,0.531,0.523,2.033,NA,"LTER","L5",1.335
"EN608",9,12,2018-02-01 23:46:46,40.5223,-70.8963,14.822,319,"a",4.636,0.685,0.519,2.037,NA,"LTER","L5",1.392
"EN608",9,12,2018-02-01 23:46:46,40.5223,-70.8963,14.822,320,"b",4.613,0.723,0.52,2.028,NA,"LTER","L5",1.392
"EN608",9,16,2018-02-01 23:49:07,40.5221,-70.8966,4.998,321,"a",4.622,0.859,0.52,2.035,NA,"LTER","L5",1.43
"EN608",9,16,2018-02-01 23:49:07,40.5221,-70.8966,4.998,322,"b",4.622,1.05,0.52,2.023,NA,"LTER","L5",1.43
"EN608",12,1,2018-02-02 09:18:54,40.3584,-70.8804,88.077,323,"a",6.243,1.131,0.644,3.721,NA,"LTER","L6",0.6
"EN608",12,1,2018-02-02 09:18:54,40.3584,-70.8804,88.077,324,"b",6.358,0.995,0.627,3.707,NA,"LTER","L6",0.6
"EN608",12,4,2018-02-02 09:22:28,40.3577,-70.8803,75.04,325,"a",6.227,0.394,0.635,3.291,NA,"LTER","L6",0.672
"EN608",12,4,2018-02-02 09:22:28,40.3577,-70.8803,75.04,326,"b",6.091,0.541,0.638,3.265,NA,"LTER","L6",0.672
"EN608",12,8,2018-02-02 09:25:23,40.3572,-70.8802,54.591,327,"a",5.808,0.698,0.625,2.932,NA,"LTER","L6",0.729
"EN608",12,8,2018-02-02 09:25:23,40.3572,-70.8802,54.591,328,"b",5.853,0.772,0.624,2.914,NA,"LTER","L6",0.729
"EN608",12,11,2018-02-02 09:27:54,40.3568,-70.88,35.583,329,"a",5.392,1.11,0.59,2.634,NA,"LTER","L6",0.775
"EN608",12,11,2018-02-02 09:27:54,40.3568,-70.88,35.583,330,"b",5.644,1.085,0.625,2.808,NA,"LTER","L6",0.775
"EN608",12,14,2018-02-02 09:30:24,40.3565,-70.8801,14.597,331,"a",5.681,1.257,0.633,2.801,NA,"LTER","L6",0.804
"EN608",12,14,2018-02-02 09:30:24,40.3565,-70.8801,14.597,332,"b",5.658,0.837,0.625,2.805,NA,"LTER","L6",0.804
"EN608",12,18,2018-02-02 09:32:47,40.3561,-70.88,4.76,333,"a",4.845,1.323,0.554,2.428,NA,"LTER","L6",0.842
"EN608",12,18,2018-02-02 09:32:47,40.3561,-70.88,4.76,334,"b",5.635,1.112,0.626,2.808,NA,"LTER","L6",0.842
"EN608",14,1,2018-02-02 15:24:27,40.2139,-70.8962,120.295,335,"a",14.056,1.014,0.946,8.673,NA,"LTER","L7",1.8
"EN608",14,1,2018-02-02 15:24:27,40.2139,-70.8962,120.295,336,"b",14.104,0.966,0.945,8.651,NA,"LTER","L7",1.8
"EN608",14,5,2018-02-02 15:26:58,40.2134,-70.8968,103.931,337,"a",12.667,1.291,0.857,6.888,NA,"LTER","L7",1.876
"EN608",14,5,2018-02-02 15:26:58,40.2134,-70.8968,103.931,338,"b",12.633,1.207,0.853,6.879,NA,"LTER","L7",1.876
"EN608",14,9,2018-02-02 15:29:27,40.2131,-70.8977,78.719,339,"a",5.924,0.643,0.471,2.492,NA,"LTER","L7",1.949
"EN608",14,9,2018-02-02 15:29:27,40.2131,-70.8977,78.719,340,"b",5.779,0.777,0.474,2.459,NA,"LTER","L7",1.949
"EN608",14,13,2018-02-02 15:31:47,40.2132,-70.8988,67.054,341,"a",4.676,0.95,0.438,1.829,NA,"LTER","L7",1.997
"EN608",14,13,2018-02-02 15:31:47,40.2132,-70.8988,67.054,342,"b",4.669,0.949,0.456,1.814,NA,"LTER","L7",1.997
"EN608",14,17,2018-02-02 15:34:31,40.2126,-70.8994,39.928,343,"a",4.554,1.405,0.482,2.385,NA,"LTER","L7",2.078
"EN608",14,17,2018-02-02 15:34:31,40.2126,-70.8994,39.928,344,"b",4.556,1.484,0.515,1.876,NA,"LTER","L7",2.078
"EN608",14,22,2018-02-02 15:39:42,40.2123,-70.9013,6.882,345,"a",4.531,1.281,0.477,1.848,NA,"LTER","L7",2.212
"EN608",14,22,2018-02-02 15:39:42,40.2123,-70.9013,6.882,346,"b",4.541,1.018,0.471,1.837,NA,"LTER","L7",2.212
"EN608",15,1,2018-02-02 19:08:22,40.1237,-70.8006,128.747,347,"a",13.992,0.873,0.88,7.189,NA,"LTER","L8",2.618
"EN608",15,1,2018-02-02 19:08:22,40.1237,-70.8006,128.747,348,"b",13.971,1.014,0.877,7.175,NA,"LTER","L8",2.618
"EN608",15,3,2018-02-02 19:11:22,40.1229,-70.8018,90.731,349,"a",8.969,1.107,0.575,4.076,NA,"LTER","L8",2.748
"EN608",15,3,2018-02-02 19:11:22,40.1229,-70.8018,90.731,350,"b",9.007,1.138,0.575,4.096,NA,"LTER","L8",2.748
"EN608",15,5,2018-02-02 19:13:54,40.1224,-70.8028,60.48,351,"a",4.733,1.093,0.389,1.718,NA,"LTER","L8",2.855
"EN608",15,5,2018-02-02 19:13:54,40.1224,-70.8028,60.48,352,"b",4.768,1.227,0.394,1.739,NA,"LTER","L8",2.855
"EN608",15,8,2018-02-02 19:15:58,40.1218,-70.8036,42.337,353,"a",4.817,0.598,0.422,1.737,NA,"LTER","L8",2.945
"EN608",15,8,2018-02-02 19:15:58,40.1218,-70.8036,42.337,354,"b",4.615,0.7,0.418,1.731,NA,"LTER","L8",2.945
"EN608",15,11,2018-02-02 19:17:58,40.1213,-70.8043,34.152,355,"a",4.593,0.755,0.423,1.734,NA,"LTER","L8",3.026
"EN608",15,11,2018-02-02 19:17:58,40.1213,-70.8043,34.152,356,"b",4.393,0.951,0.407,1.712,NA,"LTER","L8",3.026
"EN608",15,15,2018-02-02 19:21:06,40.1207,-70.8054,14.387,357,"a",4.394,0.952,0.455,1.781,NA,"LTER","L8",3.144
"EN608",15,15,2018-02-02 19:21:06,40.1207,-70.8054,14.387,358,"b",4.398,1.029,0.46,1.785,NA,"LTER","L8",3.144
"EN608",15,19,2018-02-02 19:23:19,40.1201,-70.8062,6.252,359,"a",4.4,1.085,0.468,1.799,NA,"LTER","L8",3.234
"EN608",15,19,2018-02-02 19:23:19,40.1201,-70.8062,6.252,360,"b",4.416,0.567,0.468,1.828,NA,"LTER","L8",3.234
"EN608",19,1,2018-02-03 17:57:55,39.7665,-70.8872,497.705,362,"a",21.561,0.887,1.423,12.929,NA,"LTER","L11",0.825
"EN608",19,1,2018-02-03 17:57:55,39.7665,-70.8872,497.705,363,"b",17.886,1.53,1.237,10.864,NA,"LTER","L11",0.825
"EN608",19,3,2018-02-03 18:03:22,39.7656,-70.8876,300.111,364,"a",23.852,1.189,1.553,12.938,NA,"LTER","L11",0.932
"EN608",19,3,2018-02-03 18:03:22,39.7656,-70.8876,300.111,365,"b",23.85,1.16,1.558,12.951,NA,"LTER","L11",0.932
"EN608",19,5,2018-02-03 18:07:26,39.7648,-70.8878,169.368,366,"a",14.109,1.249,0.859,5.79,NA,"LTER","L11",1.015
"EN608",19,5,2018-02-03 18:07:26,39.7648,-70.8878,169.368,376,"b",14.051,0.977,0.903,5.69,NA,"LTER","L11",1.015
"EN608",19,7,2018-02-03 18:10:17,39.7645,-70.8884,99.576,374,"a",6.741,0.66,0.542,2.978,NA,"LTER","L11",1.066
"EN608",19,7,2018-02-03 18:10:17,39.7645,-70.8884,99.576,375,"b",6.785,0.798,0.538,2.984,NA,"LTER","L11",1.066
"EN608",19,9,2018-02-03 18:12:45,39.7643,-70.889,64.658,373,"a",5.516,1.095,0.483,2.112,NA,"LTER","L11",1.109
"EN608",19,9,2018-02-03 18:12:45,39.7643,-70.889,64.658,372,"b",5.55,1.068,0.49,2.088,NA,"LTER","L11",1.109
"EN608",19,11,2018-02-03 18:14:30,39.764,-70.8892,54.634,370,"a",3.82,1.147,0.481,1.779,NA,"LTER","L11",1.147
"EN608",19,11,2018-02-03 18:14:30,39.764,-70.8892,54.634,371,"b",4.987,1.029,0.52,1.796,NA,"LTER","L11",1.147
"EN608",19,15,2018-02-03 18:17:18,39.7635,-70.8898,24.829,368,"a",3.732,0.973,0.517,1.709,NA,"LTER","L11",1.22
"EN608",19,15,2018-02-03 18:17:18,39.7635,-70.8898,24.829,369,"b",3.712,0.628,0.519,1.712,NA,"LTER","L11",1.22
"EN608",19,18,2018-02-03 18:20:11,39.7632,-70.8898,4.273,367,"a",4.586,1.309,0.431,1.752,NA,"LTER","L11",1.254
"EN608",19,18,2018-02-03 18:20:11,39.7632,-70.8898,4.273,377,"b",4.563,1.069,0.481,1.701,NA,"LTER","L11",1.254
"EN608",21,1,2018-02-03 22:50:27,39.9304,-70.8875,456.167,378,"a",22.171,1.247,1.515,13.216,NA,"LTER","L10",1.125
"EN608",21,1,2018-02-03 22:50:27,39.9304,-70.8875,456.167,379,"b",22.142,1.053,1.51,13.172,NA,"LTER","L10",1.125
"EN608",21,3,2018-02-03 22:56:36,39.9292,-70.8869,298.193,380,"a",23.811,1.082,1.58,12.579,NA,"LTER","L10",1.238
"EN608",21,3,2018-02-03 22:56:36,39.9292,-70.8869,298.193,381,"b",21.61,0.886,1.493,11.424,NA,"LTER","L10",1.238
"EN608",21,5,2018-02-03 23:07:06,39.9269,-70.8864,159.789,382,"a",13.323,0.78,0.855,5.457,NA,"LTER","L10",1.48
"EN608",21,5,2018-02-03 23:07:06,39.9269,-70.8864,159.789,383,"b",13.173,0.876,0.852,5.409,NA,"LTER","L10",1.48
"EN608",21,9,2018-02-03 23:10:51,39.9262,-70.8864,99.487,384,"a",7.567,0.804,0.571,3.297,NA,"LTER","L10",1.557
"EN608",21,9,2018-02-03 23:10:51,39.9262,-70.8864,99.487,385,"b",7.373,1.182,0.559,3.231,NA,"LTER","L10",1.557
"EN608",21,11,2018-02-03 23:13:44,39.9255,-70.8863,64.781,386,"a",4.788,0.944,0.489,1.798,NA,"LTER","L10",1.633
"EN608",21,11,2018-02-03 23:13:44,39.9255,-70.8863,64.781,387,"b",3.301,1.332,0.398,1.267,NA,"LTER","L10",1.633
"EN608",21,14,2018-02-03 23:16:31,39.9248,-70.8863,30.552,388,"a",4.65,0.652,0.49,1.757,NA,"LTER","L10",1.704
"EN608",21,14,2018-02-03 23:16:31,39.9248,-70.8863,30.552,389,"b",4.615,0.737,0.494,1.742,NA,"LTER","L10",1.704
"EN608",21,16,2018-02-03 23:18:35,39.9244,-70.8863,14.54,390,"a",4.572,0.772,0.489,1.782,NA,"LTER","L10",1.752
"EN608",21,16,2018-02-03 23:18:35,39.9244,-70.8863,14.54,391,"b",4.569,0.799,0.493,1.72,NA,"LTER","L10",1.752
"EN608",21,19,2018-02-03 23:20:44,39.9239,-70.8862,5.186,392,"a",4.571,0.83,0.492,1.719,NA,"LTER","L10",1.804
"EN608",21,19,2018-02-03 23:20:44,39.9239,-70.8862,5.186,393,"b",4.204,0.967,0.449,1.57,NA,"LTER","L10",1.804
"EN608",22,1,2018-02-04 03:20:45,40.0841,-70.8551,146.936,394,"a",14.813,0.891,0.972,7.226,NA,"LTER","L9",2.877
"EN608",22,1,2018-02-04 03:20:45,40.0841,-70.8551,146.936,395,"b",14.531,0.955,0.968,7.066,NA,"LTER","L9",2.877
"EN608",22,3,2018-02-04 03:23:32,40.0836,-70.8543,130.533,396,"a",9.049,0.958,0.639,3.963,NA,"LTER","L9",2.963
"EN608",22,3,2018-02-04 03:23:32,40.0836,-70.8543,130.533,397,"b",9.014,1.026,0.643,3.956,NA,"LTER","L9",2.963
"EN608",22,5,2018-02-04 03:26:37,40.083,-70.8534,100.143,398,"a",7.163,1.231,0.547,3.131,NA,"LTER","L9",3.069
"EN608",22,5,2018-02-04 03:26:37,40.083,-70.8534,100.143,399,"b",7.137,1.022,0.55,3.134,NA,"LTER","L9",3.069
"EN608",22,8,2018-02-04 03:29:28,40.0824,-70.8526,80.987,400,"a",4.76,1.125,0.47,1.681,NA,"LTER","L9",3.156
"EN608",22,8,2018-02-04 03:29:28,40.0824,-70.8526,80.987,401,"b",4.759,1.276,0.467,1.681,NA,"LTER","L9",3.156
"EN608",22,10,2018-02-04 03:35:21,40.0814,-70.8508,59.169,402,"a",4.734,0.895,0.471,1.636,NA,"LTER","L9",3.348
"EN608",22,10,2018-02-04 03:35:21,40.0814,-70.8508,59.169,403,"b",4.637,0.91,0.47,1.643,NA,"LTER","L9",3.348
"EN608",22,13,2018-02-04 03:38:15,40.0808,-70.8499,41.089,404,"a",4.73,1.018,0.536,1.981,NA,"LTER","L9",3.448
"EN608",22,13,2018-02-04 03:38:15,40.0808,-70.8499,41.089,405,"b",4.782,0.892,0.535,1.996,NA,"LTER","L9",3.448
"EN608",22,16,2018-02-04 03:41:50,40.0802,-70.8489,19.65,406,"a",4.779,0.934,0.547,2.081,NA,"LTER","L9",3.556
"EN608",22,16,2018-02-04 03:41:50,40.0802,-70.8489,19.65,407,"b",4.807,1.04,0.549,2.088,NA,"LTER","L9",3.556
"EN608",22,19,2018-02-04 03:44:44,40.0799,-70.8478,5.18,408,"a",4.785,1.036,0.551,2.082,NA,"LTER","L9",3.657
"EN608",22,19,2018-02-04 03:44:44,40.0799,-70.8478,5.18,409,"b",4.969,0.768,0.558,2.095,NA,"LTER","L9",3.657
"EN608",30,1,2018-02-05 00:07:32,41.3224,-70.5752,13.388,414,"a",0,1.013,0.304,0,NA,"LTER","MVCO",0.768
"EN608",30,1,2018-02-05 00:07:32,41.3224,-70.5752,13.388,415,"b",0,1.041,0.312,0,NA,"LTER","MVCO",0.768
"EN608",30,5,2018-02-05 00:09:33,41.3222,-70.5747,10.248,412,"a",0,0.921,0.316,0,NA,"LTER","MVCO",0.737
"EN608",30,5,2018-02-05 00:09:33,41.3222,-70.5747,10.248,413,"b",0,1.169,0.329,0,NA,"LTER","MVCO",0.737
"EN608",30,9,2018-02-05 00:11:54,41.3222,-70.5742,4.014,410,"a",0,0.923,0.32,0,NA,"LTER","MVCO",0.702
"EN608",30,9,2018-02-05 00:11:54,41.3222,-70.5742,4.014,411,"b",0,0.975,0.319,0,NA,"LTER","MVCO",0.702
"EN617",1,1,2018-07-20 17:30:51,41.2019,-70.8855,17.739,571,"a",0.165,0,0.317,4.412,NA,"LTER","L1",0.606
"EN617",1,1,2018-07-20 17:30:51,41.2019,-70.8855,17.739,572,"b",0.2,0,0.319,4.4,NA,"LTER","L1",0.606
"EN617",1,5,2018-07-20 17:33:46,41.2024,-70.8854,12.177,573,"a",0.066,0,0.233,3.885,NA,"LTER","L1",0.662
"EN617",1,5,2018-07-20 17:33:46,41.2024,-70.8854,12.177,574,"b",0,0,0.241,3.848,NA,"LTER","L1",0.662
"EN617",1,8,2018-07-20 17:36:20,41.2028,-70.8855,7.261,575,"a",0,0,0.198,3.231,NA,"LTER","L1",0.706
"EN617",1,8,2018-07-20 17:36:20,41.2028,-70.8855,7.261,576,"b",0,0,0.203,3.197,NA,"LTER","L1",0.706
"EN617",1,12,2018-07-20 17:38:51,41.2033,-70.8855,1.796,577,"a",0,0,0.213,2.174,NA,"LTER","L1",0.751
"EN617",1,12,2018-07-20 17:38:51,41.2033,-70.8855,1.796,578,"b",0,0,0.217,2.179,NA,"LTER","L1",0.751
"EN617",2,1,2018-07-20 23:01:46,41.0312,-70.88,42.067,579,"a",2.075,1.046,0.793,11.59,NA,"LTER","L2",0.307
"EN617",2,1,2018-07-20 23:01:46,41.0312,-70.88,42.067,580,"b",1.964,1.01,0.776,11.617,NA,"LTER","L2",0.307
"EN617",2,3,2018-07-20 23:04:29,41.0315,-70.8796,24.137,581,"a",1.031,0.434,0.521,7.334,NA,"LTER","L2",0.354
"EN617",2,3,2018-07-20 23:04:29,41.0315,-70.8796,24.137,582,"b",1.04,0.424,0.568,7.359,NA,"LTER","L2",0.354
"EN617",2,11,2018-07-20 23:07:16,41.0318,-70.8792,20.104,583,"a",0.852,0.323,0.541,7.646,NA,"LTER","L2",0.398
"EN617",2,11,2018-07-20 23:07:16,41.0318,-70.8792,20.104,584,"b",0.851,0.335,0.562,7.648,NA,"LTER","L2",0.398
"EN617",2,12,2018-07-20 23:09:22,41.032,-70.879,9.997,585,"a",0,0,0.146,2.548,NA,"LTER","L2",0.427
"EN617",2,12,2018-07-20 23:09:22,41.032,-70.879,9.997,586,"b",0,0,0.141,2.585,NA,"LTER","L2",0.427
"EN617",2,16,2018-07-20 23:12:37,41.0323,-70.8786,3.22,587,"a",0,0,0.165,2.562,NA,"LTER","L2",0.473
"EN617",2,16,2018-07-20 23:12:37,41.0323,-70.8786,3.22,588,"b",0,0,0.156,2.539,NA,"LTER","L2",0.473
"EN617",5,2,2018-07-21 06:47:55,40.8642,-70.8848,51.624,589,"a",3.052,0.535,0.712,9.69,NA,"LTER","L3",0.163
"EN617",5,2,2018-07-21 06:47:55,40.8642,-70.8848,51.624,590,"b",3.031,0.559,0.702,9.71,NA,"LTER","L3",0.163
"EN617",5,4,2018-07-21 06:51:04,40.8644,-70.8855,30.186,591,"a",2.256,0.286,0.595,6.819,NA,"LTER","L3",0.223
"EN617",5,4,2018-07-21 06:51:04,40.8644,-70.8855,30.186,592,"b",2.316,0.327,0.6,6.833,NA,"LTER","L3",0.223
"EN617",5,6,2018-07-21 06:53:47,40.8645,-70.8862,25.187,593,"a",0.243,0,0.414,4.654,NA,"LTER","L3",0.277
"EN617",5,6,2018-07-21 06:53:47,40.8645,-70.8862,25.187,594,"b",0.232,0,0.413,4.65,NA,"LTER","L3",0.277
"EN617",5,10,2018-07-21 06:57:26,40.8647,-70.887,14.252,595,"a",0,0,0.192,2.452,NA,"LTER","L3",0.352
"EN617",5,10,2018-07-21 06:57:26,40.8647,-70.887,14.252,596,"b",0,0,0.201,2.472,NA,"LTER","L3",0.352
"EN617",5,12,2018-07-21 07:00:13,40.8649,-70.8876,10.082,597,"a",0,0,0.168,2.188,NA,"LTER","L3",0.406
"EN617",5,12,2018-07-21 07:00:13,40.8649,-70.8876,10.082,598,"b",0,0,0.158,2.177,NA,"LTER","L3",0.406
"EN617",5,16,2018-07-21 07:03:24,40.865,-70.8884,1.636,599,"a",0,0,0.074,1.633,NA,"LTER","L3",0.47
"EN617",5,16,2018-07-21 07:03:24,40.865,-70.8884,1.636,600,"b",0,0,0.09,1.624,NA,"LTER","L3",0.47
"EN617",8,2,2018-07-21 14:57:28,40.6996,-70.8799,59.722,601,"a",6.607,0,0.721,9.707,NA,"LTER","L4",0.432
"EN617",8,2,2018-07-21 14:57:28,40.6996,-70.8799,59.722,602,"b",6.598,0,0.724,9.704,NA,"LTER","L4",0.432
"EN617",8,4,2018-07-21 15:02:02,40.7003,-70.8791,44.212,603,"a",3.015,0,0.527,4.625,NA,"LTER","L4",0.53
"EN617",8,4,2018-07-21 15:02:02,40.7003,-70.8791,44.212,604,"b",3.021,0,0.526,4.617,NA,"LTER","L4",0.53
"EN617",8,7,2018-07-21 15:04:49,40.7007,-70.8785,24.661,605,"a",0.681,0,0.465,5.153,NA,"LTER","L4",0.598
"EN617",8,7,2018-07-21 15:04:49,40.7007,-70.8785,24.661,606,"b",0.674,0,0.463,5.145,NA,"LTER","L4",0.598
"EN617",8,10,2018-07-21 15:08:08,40.7011,-70.8778,18.731,607,"a",0,0,0.277,3.146,NA,"LTER","L4",0.677
"EN617",8,10,2018-07-21 15:08:08,40.7011,-70.8778,18.731,608,"b",0,0,0.276,3.119,NA,"LTER","L4",0.677
"EN617",8,13,2018-07-21 15:10:36,40.7015,-70.8772,12.476,609,"a",0,0,0.179,2.088,NA,"LTER","L4",0.737
"EN617",8,13,2018-07-21 15:10:36,40.7015,-70.8772,12.476,610,"b",0,0,0.162,2.136,NA,"LTER","L4",0.737
"EN617",8,16,2018-07-21 15:13:12,40.7019,-70.8767,2.269,611,"a",0,0,0.114,2.077,NA,"LTER","L4",0.804
"EN617",8,16,2018-07-21 15:13:12,40.7019,-70.8767,2.269,612,"b",0,0,0.093,2.076,NA,"LTER","L4",0.804
"EN617",9,1,2018-07-21 17:28:46,40.5183,-70.8811,72.122,613,"a",7.184,0,0.743,10.181,NA,"LTER","L5",0.589
"EN617",9,1,2018-07-21 17:28:46,40.5183,-70.8811,72.122,614,"b",7.196,0,0.747,10.248,NA,"LTER","L5",0.589
"EN617",9,3,2018-07-21 17:31:42,40.5192,-70.8811,46.613,615,"a",6.457,0,0.707,8.696,NA,"LTER","L5",0.676
"EN617",9,3,2018-07-21 17:31:42,40.5192,-70.8811,46.613,616,"b",6.474,0,0.708,8.685,NA,"LTER","L5",0.676
"EN617",9,5,2018-07-21 17:33:28,40.5196,-70.8812,35.5,617,"a",1.636,0,0.413,3.736,NA,"LTER","L5",0.728
"EN617",9,5,2018-07-21 17:33:28,40.5196,-70.8812,35.5,618,"b",1.637,0,0.4,3.727,NA,"LTER","L5",0.728
"EN617",9,7,2018-07-21 17:35:45,40.5203,-70.8812,20.184,619,"a",0,0,0.192,2.088,NA,"LTER","L5",0.797
"EN617",9,7,2018-07-21 17:35:45,40.5203,-70.8812,20.184,620,"b",0,0,0.166,2.091,NA,"LTER","L5",0.797
"EN617",9,9,2018-07-21 17:37:33,40.5208,-70.8812,14.776,621,"a",0,0,0.106,1.906,NA,"LTER","L5",0.853
"EN617",9,9,2018-07-21 17:37:33,40.5208,-70.8812,14.776,622,"b",0,0,0.103,1.884,NA,"LTER","L5",0.853
"EN617",9,11,2018-07-21 17:39:41,40.5214,-70.8813,4.436,623,"a",0,0,0.068,1.824,NA,"LTER","L5",0.918
"EN617",9,11,2018-07-21 17:39:41,40.5214,-70.8813,4.436,624,"b",0,0,0.06,1.863,NA,"LTER","L5",0.918
"EN617",12,1,2018-07-22 02:14:34,40.3673,-70.8892,88.937,625,"a",7.496,0,0.69,8.689,NA,"LTER","L6",0.667
"EN617",12,1,2018-07-22 02:14:34,40.3673,-70.8892,88.937,626,"b",7.561,0,0.7,8.691,NA,"LTER","L6",0.667
"EN617",12,3,2018-07-22 02:16:03,40.3676,-70.8893,74.651,627,"a",7.313,0,0.767,10.081,NA,"LTER","L6",0.698
"EN617",12,3,2018-07-22 02:16:03,40.3676,-70.8893,74.651,628,"b",7.327,0,0.775,10.059,NA,"LTER","L6",0.698
"EN617",12,5,2018-07-22 02:18:05,40.3681,-70.8895,50.324,629,"a",6.499,0,0.723,8.651,NA,"LTER","L6",0.747
"EN617",12,5,2018-07-22 02:18:05,40.3681,-70.8895,50.324,630,"b",6.488,0,0.735,8.655,NA,"LTER","L6",0.747
"EN617",12,7,2018-07-22 02:20:06,40.3684,-70.8893,40.455,631,"a",5.593,0.164,0.668,6.991,NA,"LTER","L6",0.761
"EN617",12,7,2018-07-22 02:20:06,40.3684,-70.8893,40.455,632,"b",5.559,0.138,0.685,6.937,NA,"LTER","L6",0.761
"EN617",12,10,2018-07-22 02:22:04,40.3687,-70.8893,28.669,633,"a",1.124,0,0.416,3.632,NA,"LTER","L6",0.785
"EN617",12,10,2018-07-22 02:22:04,40.3687,-70.8893,28.669,634,"b",1.105,0,0.408,3.635,NA,"LTER","L6",0.785
"EN617",12,14,2018-07-22 02:24:14,40.3691,-70.8893,20.206,635,"a",0.587,0,0.369,3.309,NA,"LTER","L6",0.82
"EN617",12,14,2018-07-22 02:24:14,40.3691,-70.8893,20.206,636,"b",0.577,0,0.37,3.303,NA,"LTER","L6",0.82
"EN617",12,16,2018-07-22 02:25:50,40.3694,-70.8892,14.386,637,"a",0.053,0,0.157,1.73,NA,"LTER","L6",0.84
"EN617",12,16,2018-07-22 02:25:50,40.3694,-70.8892,14.386,638,"b",0.065,0,0.165,1.796,NA,"LTER","L6",0.84
"EN617",12,20,2018-07-22 02:27:54,40.3697,-70.8893,4.752,639,"a",0.055,0,0.139,1.572,NA,"LTER","L6",0.869
"EN617",12,20,2018-07-22 02:27:54,40.3697,-70.8893,4.752,640,"b",0.064,0,0.142,1.522,NA,"LTER","L6",0.869
"EN617",13,2,2018-07-22 05:09:11,40.2368,-70.8916,123.384,641,"a",10.307,0,0.764,7.298,NA,"LTER","L7",1.32
"EN617",13,2,2018-07-22 05:09:11,40.2368,-70.8916,123.384,642,"b",10.303,0,0.752,7.289,NA,"LTER","L7",1.32
"EN617",13,3,2018-07-22 05:10:56,40.2372,-70.8915,111.605,643,"a",8.855,0,0.688,6.566,NA,"LTER","L7",1.361
"EN617",13,3,2018-07-22 05:10:56,40.2372,-70.8915,111.605,644,"b",8.852,0,0.684,6.557,NA,"LTER","L7",1.361
"EN617",13,5,2018-07-22 05:13:05,40.2379,-70.8913,81.11,645,"a",7.691,0,0.677,6.783,NA,"LTER","L7",1.415
"EN617",13,5,2018-07-22 05:13:05,40.2379,-70.8913,81.11,646,"b",7.691,0.027,0.673,6.76,NA,"LTER","L7",1.415
"EN617",13,7,2018-07-22 05:15:19,40.2385,-70.8909,55.346,647,"a",6.792,0,0.652,6.306,NA,"LTER","L7",1.464
"EN617",13,7,2018-07-22 05:15:19,40.2385,-70.8909,55.346,648,"b",6.813,0.037,0.654,6.311,NA,"LTER","L7",1.464
"EN617",13,10,2018-07-22 05:17:07,40.239,-70.8905,38.675,649,"a",5.567,0,0.601,5.055,NA,"LTER","L7",1.497
"EN617",13,10,2018-07-22 05:17:07,40.239,-70.8905,38.675,650,"b",5.551,0,0.617,5.059,NA,"LTER","L7",1.497
"EN617",13,13,2018-07-22 05:18:53,40.2395,-70.8901,31.986,651,"a",3.971,0,0.527,3.714,NA,"LTER","L7",1.533
"EN617",13,13,2018-07-22 05:18:53,40.2395,-70.8901,31.986,652,"b",3.952,0.069,0.552,3.741,NA,"LTER","L7",1.533
"EN617",13,15,2018-07-22 05:20:42,40.24,-70.8896,21.584,653,"a",0.12,0.081,0.08,1.315,NA,"LTER","L7",1.572
"EN617",13,15,2018-07-22 05:20:42,40.24,-70.8896,21.584,654,"b",0.094,0,0.081,1.333,NA,"LTER","L7",1.572
"EN617",13,18,2018-07-22 05:23:45,40.241,-70.8891,3.433,655,"a",0.059,0.062,0.079,1.374,NA,"LTER","L7",1.662
"EN617",13,18,2018-07-22 05:23:45,40.241,-70.8891,3.433,656,"b",0.067,0,0.077,1.395,NA,"LTER","L7",1.662
"EN617",14,1,2018-07-22 09:06:02,40.1408,-70.7589,128.339,657,"a",11.342,0,0.773,6.492,NA,"LTER","L8",1.444
"EN617",14,1,2018-07-22 09:06:02,40.1408,-70.7589,128.339,658,"b",11.393,0,0.773,6.438,NA,"LTER","L8",1.444
"EN617",14,3,2018-07-22 09:08:52,40.1414,-70.7593,109.217,659,"a",9.678,0,0.653,4.458,NA,"LTER","L8",1.436
"EN617",14,3,2018-07-22 09:08:52,40.1414,-70.7593,109.217,660,"b",9.671,0,0.659,4.438,NA,"LTER","L8",1.436
"EN617",14,5,2018-07-22 09:12:04,40.142,-70.7586,80.449,661,"a",8.284,0,0.626,4.483,NA,"LTER","L8",1.515
"EN617",14,5,2018-07-22 09:12:04,40.142,-70.7586,80.449,662,"b",8.282,0.04,0.621,4.464,NA,"LTER","L8",1.515
"EN617",14,7,2018-07-22 09:14:52,40.1425,-70.7583,61.184,663,"a",6.265,0,0.559,4.605,NA,"LTER","L8",1.558
"EN617",14,7,2018-07-22 09:14:52,40.1425,-70.7583,61.184,664,"b",6.257,0,0.543,4.609,NA,"LTER","L8",1.558
"EN617",14,10,2018-07-22 09:18:00,40.1433,-70.7591,38.583,665,"a",0.652,0.051,0.244,2.196,NA,"LTER","L8",1.543
"EN617",14,10,2018-07-22 09:18:00,40.1433,-70.7591,38.583,666,"b",0.623,0.057,0.253,2.236,NA,"LTER","L8",1.543
"EN617",14,13,2018-07-22 09:20:38,40.144,-70.7594,29.787,667,"a",0.053,0,0.134,1.686,NA,"LTER","L8",1.559
"EN617",14,13,2018-07-22 09:20:38,40.144,-70.7594,29.787,668,"b",0.058,0.047,0.11,1.67,NA,"LTER","L8",1.559
"EN617",14,15,2018-07-22 09:23:08,40.1448,-70.7598,17.972,669,"a",0.047,0.06,0.074,1.358,NA,"LTER","L8",1.572
"EN617",14,15,2018-07-22 09:23:08,40.1448,-70.7598,17.972,670,"b",0.213,0.152,0.105,1.355,NA,"LTER","L8",1.572
"EN617",14,17,2018-07-22 09:26:08,40.1454,-70.7594,6.779,671,"a",0,0,0.099,0.901,NA,"LTER","L8",1.641
"EN617",14,17,2018-07-22 09:26:08,40.1454,-70.7594,6.779,672,"b",0,0,0.105,0.931,NA,"LTER","L8",1.641
"EN617",17,1,2018-07-22 18:25:40,40.098,-70.8738,144.515,673,"a",11.439,0,0.804,6.485,NA,"LTER","L9",0.809
"EN617",17,1,2018-07-22 18:25:40,40.098,-70.8738,144.515,674,"b",11.475,0,0.808,6.498,NA,"LTER","L9",0.809
"EN617",17,3,2018-07-22 18:28:32,40.0977,-70.8732,99.58,675,"a",8.682,0,0.653,4.214,NA,"LTER","L9",0.863
"EN617",17,3,2018-07-22 18:28:32,40.0977,-70.8732,99.58,676,"b",8.704,0,0.641,4.162,NA,"LTER","L9",0.863
"EN617",17,5,2018-07-22 18:31:56,40.0972,-70.8722,57.401,677,"a",6.398,0,0.621,4.478,NA,"LTER","L9",0.956
"EN617",17,5,2018-07-22 18:31:56,40.0972,-70.8722,57.401,678,"b",6.423,0,0.608,4.438,NA,"LTER","L9",0.956
"EN617",17,7,2018-07-22 18:33:34,40.0969,-70.8719,42.415,679,"a",2.531,0,0.471,3.469,NA,"LTER","L9",0.985
"EN617",17,7,2018-07-22 18:33:34,40.0969,-70.8719,42.415,680,"b",2.494,0,0.462,3.435,NA,"LTER","L9",0.985
"EN617",17,10,2018-07-22 18:34:51,40.0968,-70.8716,30.053,681,"a",0,0,0.29,2.125,NA,"LTER","L9",1.015
"EN617",17,10,2018-07-22 18:34:51,40.0968,-70.8716,30.053,682,"b",0,0,0.246,2.138,NA,"LTER","L9",1.015
"EN617",17,13,2018-07-22 18:36:14,40.0966,-70.8712,21.917,683,"a",0,0,0.116,1.184,NA,"LTER","L9",1.047
"EN617",17,13,2018-07-22 18:36:14,40.0966,-70.8712,21.917,684,"b",0,0,0.104,1.173,NA,"LTER","L9",1.047
"EN617",17,15,2018-07-22 18:37:04,40.0965,-70.8711,14.766,685,"a",0,0,0.111,1.15,NA,"LTER","L9",1.06
"EN617",17,15,2018-07-22 18:37:04,40.0965,-70.8711,14.766,686,"b",0,0,0.099,1.136,NA,"LTER","L9",1.06
"EN617",17,17,2018-07-22 18:38:17,40.0963,-70.8709,5.579,687,"a",0,0.061,0.11,1.217,NA,"LTER","L9",1.085
"EN617",17,17,2018-07-22 18:38:17,40.0963,-70.8709,5.579,688,"b",0,0,0.093,1.22,NA,"LTER","L9",1.085
"EN617",18,1,2018-07-22 21:53:53,39.9494,-70.8831,152.352,689,"a",9.667,0,0.636,3.556,NA,"LTER","L10",1.048
"EN617",18,1,2018-07-22 21:53:53,39.9494,-70.8831,152.352,690,"b",9.693,0,0.635,3.571,NA,"LTER","L10",1.048
"EN617",18,3,2018-07-22 21:56:36,39.9494,-70.8826,119.187,691,"a",9.522,0.037,0.64,3.377,NA,"LTER","L10",1.043
"EN617",18,3,2018-07-22 21:56:36,39.9494,-70.8826,119.187,692,"b",9.537,0,0.584,3.403,NA,"LTER","L10",1.043
"EN617",18,5,2018-07-22 21:59:12,39.9493,-70.882,75.408,693,"a",8.965,0,0.664,3.847,NA,"LTER","L10",1.041
"EN617",18,5,2018-07-22 21:59:12,39.9493,-70.882,75.408,694,"b",8.944,0,0.65,3.805,NA,"LTER","L10",1.041
"EN617",18,8,2018-07-22 22:01:30,39.9493,-70.8816,54.928,695,"a",6.601,0,0.642,4.612,NA,"LTER","L10",1.043
"EN617",18,8,2018-07-22 22:01:30,39.9493,-70.8816,54.928,696,"b",6.599,0,0.642,4.641,NA,"LTER","L10",1.043
"EN617",18,9,2018-07-22 22:03:12,39.9492,-70.8813,39.97,697,"a",0,0,0.147,1.259,NA,"LTER","L10",1.036
"EN617",18,9,2018-07-22 22:03:12,39.9492,-70.8813,39.97,698,"b",0.045,0,0.165,1.393,NA,"LTER","L10",1.036
"EN617",18,12,2018-07-22 22:05:22,39.9491,-70.8808,24.672,699,"a",0,0,0.083,0.835,NA,"LTER","L10",1.036
"EN617",18,12,2018-07-22 22:05:22,39.9491,-70.8808,24.672,700,"b",0,0,0.09,0.828,NA,"LTER","L10",1.036
"EN617",18,13,2018-07-22 22:06:44,39.9491,-70.8805,14.754,701,"a",0,0,0.081,0.796,NA,"LTER","L10",1.036
"EN617",18,13,2018-07-22 22:06:44,39.9491,-70.8805,14.754,702,"b",0,0.067,0.081,0.813,NA,"LTER","L10",1.036
"EN617",18,16,2018-07-22 22:08:38,39.949,-70.8801,4.767,703,"a",0,0,0.085,0.783,NA,"LTER","L10",1.039
"EN617",18,16,2018-07-22 22:08:38,39.949,-70.8801,4.767,704,"b",0,0.035,0.078,0.767,NA,"LTER","L10",1.039
"EN617",21,4,2018-07-23 13:45:10,39.7664,-70.864,151.268,705,"a",8.061,0.042,0.547,3.039,NA,"LTER","L11",1.825
"EN617",21,4,2018-07-23 13:45:10,39.7664,-70.864,151.268,706,"b",9.019,0,0.614,3.297,NA,"LTER","L11",1.825
"EN617",21,5,2018-07-23 13:48:35,39.766,-70.8629,80.606,707,"a",9.572,0,0.67,3.379,NA,"LTER","L11",1.928
"EN617",21,5,2018-07-23 13:48:35,39.766,-70.8629,80.606,708,"b",9.564,0,0.661,3.346,NA,"LTER","L11",1.928
"EN617",21,7,2018-07-23 13:51:13,39.7658,-70.862,60.019,709,"a",9.786,0,0.673,3.548,NA,"LTER","L11",2.009
"EN617",21,7,2018-07-23 13:51:13,39.7658,-70.862,60.019,710,"b",9.815,0,0.673,3.594,NA,"LTER","L11",2.009
"EN617",21,8,2018-07-23 13:53:16,39.7655,-70.8613,50.255,711,"a",8.359,0,0.601,3.039,NA,"LTER","L11",2.075
"EN617",21,8,2018-07-23 13:53:16,39.7655,-70.8613,50.255,712,"b",8.348,0,0.609,3.043,NA,"LTER","L11",2.075
"EN617",21,9,2018-07-23 13:55:32,39.7651,-70.8605,40.476,713,"a",3.143,0,0.419,3.174,NA,"LTER","L11",2.156
"EN617",21,9,2018-07-23 13:55:32,39.7651,-70.8605,40.476,714,"b",3.124,0,0.428,3.218,NA,"LTER","L11",2.156
"EN617",21,11,2018-07-23 13:57:56,39.7648,-70.8597,30.57,715,"a",0,0,0.117,1.653,NA,"LTER","L11",2.232
"EN617",21,11,2018-07-23 13:57:56,39.7648,-70.8597,30.57,716,"b",0,0,0.121,1.615,NA,"LTER","L11",2.232
"EN617",21,16,2018-07-23 14:00:42,39.7644,-70.8587,20.679,717,"a",0,0,0.096,0.774,NA,"LTER","L11",2.327
"EN617",21,16,2018-07-23 14:00:42,39.7644,-70.8587,20.679,718,"b",0,0.073,0.096,0.755,NA,"LTER","L11",2.327
"EN617",21,20,2018-07-23 14:04:12,39.7638,-70.8576,4.58,719,"a",0,0,0.09,0.785,NA,"LTER","L11",2.444
"EN617",21,20,2018-07-23 14:04:12,39.7638,-70.8576,4.58,720,"b",0,0,0.091,0.768,NA,"LTER","L11",2.444
"EN617",35,2,2018-07-25 01:19:19,41.3242,-70.5855,13.615,721,"a",0,0,0.251,2.306,NA,"LTER","MVCO",1.575
"EN617",35,2,2018-07-25 01:19:19,41.3242,-70.5855,13.615,722,"b",0.043,0,0.211,2.254,NA,"LTER","MVCO",1.575
"EN617",35,4,2018-07-25 01:21:08,41.3245,-70.5853,7.772,723,"a",0,0,0.207,2.216,NA,"LTER","MVCO",1.558
"EN617",35,4,2018-07-25 01:21:08,41.3245,-70.5853,7.772,724,"b",0.13,0,0.21,2.222,NA,"LTER","MVCO",1.558
"EN617",35,8,2018-07-25 01:22:48,41.3246,-70.5852,4.319,725,"a",0,0,0.203,2.223,NA,"LTER","MVCO",1.548
"EN617",35,8,2018-07-25 01:22:48,41.3246,-70.5852,4.319,726,"b",0,0,0.19,2.223,NA,"LTER","MVCO",1.548
"AR32",1,1,2018-11-12 16:30:12,41.1962,-70.8831,19.322,777,"a",0.51,0.456,0.676,3.314,NA,"JP","L1",0.053
"AR32",1,1,2018-11-12 16:30:12,41.1962,-70.8831,19.322,778,"b",0.526,0.518,0.683,3.38,NA,"JP","L1",0.053
"AR32",1,3,2018-11-12 16:32:56,41.1962,-70.8831,4.834,779,"a",0.472,0.466,0.677,3.419,NA,"JP","L1",0.053
"AR32",1,3,2018-11-12 16:32:56,41.1962,-70.8831,4.834,780,"b",0.53,0.514,0.693,4.565,NA,"JP","L1",0.053
"AR32",1,5,2018-11-12 16:34:05,41.1962,-70.8831,2.519,781,"a",0.512,0.503,0.688,3.634,NA,"JP","L1",0.053
"AR32",1,5,2018-11-12 16:34:05,41.1962,-70.8831,2.519,782,"b",0.433,0.444,0.684,3.244,NA,"JP","L1",0.053
"AR32",2,1,2018-11-12 19:27:47,40.8612,-70.8816,50.035,783,"a",1.999,0.033,0.661,6.896,NA,"JP","L3",0.276
"AR32",2,1,2018-11-12 19:27:47,40.8612,-70.8816,50.035,784,"b",1.834,0.043,0.616,6.659,NA,"JP","L3",0.276
"AR32",2,3,2018-11-12 19:30:11,40.8612,-70.8816,23.186,785,"a",0,0,0.477,2.196,NA,"JP","L3",0.277
"AR32",2,3,2018-11-12 19:30:11,40.8612,-70.8816,23.186,786,"b",0,0.129,0.476,2.632,NA,"JP","L3",0.277
"AR32",2,5,2018-11-12 19:31:38,40.8612,-70.8816,2.378,787,"a",0,0.063,0.465,2.513,NA,"JP","L3",0.276
"AR32",2,5,2018-11-12 19:31:38,40.8612,-70.8816,2.378,788,"b",0,0.064,0.453,2.285,NA,"JP","L3",0.276
"AR32",3,1,2018-11-12 22:29:02,40.5134,-70.883,72.298,789,"a",8.051,0.037,0.915,15.549,NA,"JP","L5",0.027
"AR32",3,1,2018-11-12 22:29:02,40.5134,-70.883,72.298,790,"b",7.517,0.153,0.884,14.225,NA,"JP","L5",0.027
"AR32",3,3,2018-11-12 22:33:23,40.5132,-70.8836,34.608,791,"a",0.882,0.148,0.458,2.078,NA,"JP","L5",0.025
"AR32",3,3,2018-11-12 22:33:23,40.5132,-70.8836,34.608,792,"b",0.88,0.25,0.461,2.044,NA,"JP","L5",0.025
"AR32",3,5,2018-11-12 22:36:02,40.5131,-70.884,1.829,793,"a",0.486,0.2,0.438,1.828,NA,"JP","L5",0.059
"AR32",3,5,2018-11-12 22:36:02,40.5131,-70.884,1.829,794,"b",0.479,0.144,0.438,1.662,NA,"JP","L5",0.059
"AR32",4,1,2018-11-13 00:16:56,40.3637,-70.8777,87.463,806,"a",11.27,0.243,0.936,13.958,NA,"JP","L6",0.479
"AR32",4,1,2018-11-13 00:16:56,40.3637,-70.8777,87.463,805,"b",11.24,0,0.943,13.601,NA,"JP","L6",0.479
"AR32",4,3,2018-11-13 00:20:33,40.3637,-70.8777,74.453,804,"a",8.618,0,0.934,14.367,NA,"JP","L6",0.479
"AR32",4,3,2018-11-13 00:20:33,40.3637,-70.8777,74.453,803,"b",8.474,0.114,0.907,14.218,NA,"JP","L6",0.479
"AR32",4,5,2018-11-13 00:22:43,40.3637,-70.8777,64.547,802,"a",7.157,0.144,0.914,10.818,NA,"JP","L6",0.479
"AR32",4,5,2018-11-13 00:22:43,40.3637,-70.8777,64.547,801,"b",7.188,0.134,0.83,10.848,NA,"JP","L6",0.479
"AR32",4,7,2018-11-13 00:25:37,40.3637,-70.8777,39.822,800,"a",0.903,0.114,0.485,1.746,NA,"JP","L6",0.479
"AR32",4,7,2018-11-13 00:25:37,40.3637,-70.8777,39.822,799,"b",0.912,0.125,0.503,1.753,NA,"JP","L6",0.479
"AR32",4,9,2018-11-13 00:27:44,40.3637,-70.8777,19.805,798,"a",0.962,0.06,0.496,1.834,NA,"JP","L6",0.479
"AR32",4,9,2018-11-13 00:27:44,40.3637,-70.8777,19.805,797,"b",0.959,0.039,0.48,1.838,NA,"JP","L6",0.479
"AR32",4,11,2018-11-13 00:29:47,40.3637,-70.8777,1.751,796,"a",0.647,0.173,0.459,1.712,NA,"JP","L6",0.479
"AR32",4,11,2018-11-13 00:29:47,40.3637,-70.8777,1.751,795,"b",0.657,0.131,0.46,1.729,NA,"JP","L6",0.479
"AR32",5,1,2018-11-13 02:19:45,40.2282,-70.8779,120.729,807,"a",13.967,0,0.924,8.401,NA,"JP","L7",0.49
"AR32",5,1,2018-11-13 02:19:45,40.2282,-70.8779,120.729,808,"b",13.943,0.095,0.926,8.369,NA,"JP","L7",0.49
"AR32",5,3,2018-11-13 02:21:57,40.2282,-70.8779,93.502,809,"a",9.909,0.159,0.734,5.864,NA,"JP","L7",0.49
"AR32",5,3,2018-11-13 02:21:57,40.2282,-70.8779,93.502,810,"b",11.017,0.055,0.758,6.432,NA,"JP","L7",0.49
"AR32",5,5,2018-11-13 02:23:57,40.2282,-70.8779,63.908,811,"a",6.773,0.028,0.61,4.833,NA,"JP","L7",0.491
"AR32",5,5,2018-11-13 02:23:57,40.2282,-70.8779,63.908,812,"b",6.736,0.071,0.618,4.841,NA,"JP","L7",0.491
"AR32",5,7,2018-11-13 02:25:47,40.2282,-70.8779,46.928,813,"a",1.387,0.17,0.433,1.726,NA,"JP","L7",0.491
"AR32",5,7,2018-11-13 02:25:47,40.2282,-70.8779,46.928,814,"b",1.388,0.228,0.422,1.718,NA,"JP","L7",0.491
"AR32",5,9,2018-11-13 02:27:35,40.2282,-70.8779,19.203,815,"a",0.49,0.259,0.393,1.293,NA,"JP","L7",0.49
"AR32",5,9,2018-11-13 02:27:35,40.2282,-70.8779,19.203,816,"b",0.513,0.199,0.386,1.286,NA,"JP","L7",0.49
"AR32",5,11,2018-11-13 02:29:17,40.2282,-70.8779,2.258,817,"a",0.279,0.204,0.38,1.3,NA,"JP","L7",0.491
"AR32",5,11,2018-11-13 02:29:17,40.2282,-70.8779,2.258,818,"b",0.296,0,0.404,1.504,NA,"JP","L7",0.491
"AR32",6,1,2018-11-13 05:25:33,39.9412,-70.8927,426.362,819,"a",22.301,0,1.435,12.922,NA,"JP","L10",0.817
"AR32",6,1,2018-11-13 05:25:33,39.9412,-70.8927,426.362,820,"b",22.332,0,1.441,12.918,NA,"JP","L10",0.817
"AR32",6,3,2018-11-13 05:30:49,39.9412,-70.8927,250.391,821,"a",21.897,0,1.359,10.83,NA,"JP","L10",0.817
"AR32",6,3,2018-11-13 05:30:49,39.9412,-70.8927,250.391,822,"b",21.909,0,1.359,10.843,NA,"JP","L10",0.817
"AR32",6,5,2018-11-13 05:33:35,39.9412,-70.8927,151.686,823,"a",14.581,0,0.903,6.118,NA,"JP","L10",0.817
"AR32",6,5,2018-11-13 05:33:35,39.9412,-70.8927,151.686,824,"b",14.58,0,0.884,6.142,NA,"JP","L10",0.817
"AR32",6,7,2018-11-13 05:37:15,39.9412,-70.8927,46.164,825,"a",4.237,0,0.435,3.142,NA,"JP","L10",0.817
"AR32",6,7,2018-11-13 05:37:15,39.9412,-70.8927,46.164,826,"b",4.196,0,0.421,3.152,NA,"JP","L10",0.817
"AR32",6,9,2018-11-13 05:39:47,39.9412,-70.8927,20.277,827,"a",0,0,0.234,0.969,NA,"JP","L10",0.817
"AR32",6,9,2018-11-13 05:39:47,39.9412,-70.8927,20.277,828,"b",0,0,0.229,0.985,NA,"JP","L10",0.817
"AR32",6,11,2018-11-13 05:41:45,39.9412,-70.8927,2.17,829,"a",0,0,0.227,0.947,NA,"JP","L10",0.817
"AR32",6,11,2018-11-13 05:41:45,39.9412,-70.8927,2.17,830,"b",0,0,0.226,0.939,NA,"JP","L10",0.817
"AR32",7,1,2018-11-13 07:57:44,39.7751,-70.881,1000.616,831,"a",17.234,0,1.127,10.875,NA,"JP","L11",0.279
"AR32",7,1,2018-11-13 07:57:44,39.7751,-70.881,1000.616,832,"b",17.341,0,1.151,10.907,NA,"JP","L11",0.279
"AR32",7,3,2018-11-13 08:03:10,39.7753,-70.8805,750.823,833,"a",17.812,0,1.18,10.95,NA,"JP","L11",0.331
"AR32",7,3,2018-11-13 08:03:10,39.7753,-70.8805,750.823,834,"b",17.921,0,1.183,10.931,NA,"JP","L11",0.331
"AR32",7,5,2018-11-13 08:08:41,39.7754,-70.8801,500.661,835,"a",20.143,0,1.311,11.956,NA,"JP","L11",0.362
"AR32",7,5,2018-11-13 08:08:41,39.7754,-70.8801,500.661,836,"b",20.198,0,1.316,12.006,NA,"JP","L11",0.362
"AR32",7,7,2018-11-13 08:14:13,39.7757,-70.8797,251.037,837,"a",23.475,0,1.458,11.963,NA,"JP","L11",0.409
"AR32",7,7,2018-11-13 08:14:13,39.7757,-70.8797,251.037,838,"b",23.487,0,1.459,11.957,NA,"JP","L11",0.409
"AR32",7,9,2018-11-13 08:19:28,39.7758,-70.8793,61.823,839,"a",7.967,0,0.594,4.211,NA,"JP","L11",0.442
"AR32",7,9,2018-11-13 08:19:28,39.7758,-70.8793,61.823,840,"b",7.95,0,0.587,4.201,NA,"JP","L11",0.442
"AR32",7,11,2018-11-13 08:22:47,39.7759,-70.8792,2.421,841,"a",0,0,0.285,0.873,NA,"JP","L11",0.459
"AR32",7,11,2018-11-13 08:22:47,39.7759,-70.8792,2.421,842,"b",0,0,0.29,0.889,NA,"JP","L11",0.459
"AR32",9,1,2018-11-13 15:09:15,40.1021,-70.8879,139.56,843,"a",14.126,0,0.91,6.522,NA,"JP","L9",0.581
"AR32",9,1,2018-11-13 15:09:15,40.1021,-70.8879,139.56,844,"b",14.16,0,0.91,6.511,NA,"JP","L9",0.581
"AR32",9,3,2018-11-13 15:12:26,40.1023,-70.8873,52.544,845,"a",4.036,0,0.429,3.044,NA,"JP","L9",0.56
"AR32",9,3,2018-11-13 15:12:26,40.1023,-70.8873,52.544,846,"b",3.987,0,0.451,3.941,NA,"JP","L9",0.56
"AR32",9,5,2018-11-13 15:15:13,40.1023,-70.8872,2.795,847,"a",0,0.019,0.294,0.886,NA,"JP","L9",0.553
"AR32",9,5,2018-11-13 15:15:13,40.1023,-70.8872,2.795,848,"b",0,0.085,0.295,1.454,NA,"JP","L9",0.553
"AR32",11,1,2018-11-13 19:46:19,40.6961,-70.8793,56.452,849,"a",5.096,0.077,0.86,13.414,NA,"JP","L4",0.344
"AR32",11,1,2018-11-13 19:46:19,40.6961,-70.8793,56.452,850,"b",5.104,0,0.86,13.056,NA,"JP","L4",0.344
"AR32",11,3,2018-11-13 19:49:15,40.6957,-70.8787,25.218,851,"a",0.157,0,0.512,2.516,NA,"JP","L4",0.401
"AR32",11,3,2018-11-13 19:49:15,40.6957,-70.8787,25.218,852,"b",0.136,0,0.51,2.517,NA,"JP","L4",0.401
"AR32",11,5,2018-11-13 19:51:17,40.6956,-70.8781,2.402,853,"a",0.135,0.016,0.505,2.499,NA,"JP","L4",0.453
"AR32",11,5,2018-11-13 19:51:17,40.6956,-70.8781,2.402,854,"b",0.131,0,0.505,2.85,NA,"JP","L4",0.453
"AR32",12,1,2018-11-13 22:34:38,41.0287,-70.8861,38.987,860,"a",0,0,0.489,1.607,NA,"JP","L2",0.276
"AR32",12,1,2018-11-13 22:34:38,41.0287,-70.8861,38.987,859,"b",0,0.107,0.487,1.633,NA,"JP","L2",0.276
"AR32",12,3,2018-11-13 22:35:57,41.0286,-70.886,24.571,858,"a",0,0.078,0.489,1.611,NA,"JP","L2",0.28
"AR32",12,3,2018-11-13 22:35:57,41.0286,-70.886,24.571,857,"b",0,0.768,0.552,9.193,NA,"JP","L2",0.28
"AR32",12,5,2018-11-13 22:37:23,41.0284,-70.8861,3,856,"a",0,0.025,0.483,1.575,NA,"JP","L2",0.296
"AR32",12,5,2018-11-13 22:37:23,41.0284,-70.8861,3,855,"b",0,0,0.487,1.575,NA,"JP","L2",0.296
"EN627",3,1,2019-02-01 21:44:17,41.1976,-70.8812,18.257,975,"a",1.715,0,0.555,2.244,NA,"LTER","L1",0.199
"EN627",3,1,2019-02-01 21:44:17,41.1976,-70.8812,18.257,976,"b",1.71,0,0.555,2.084,NA,"LTER","L1",0.199
"EN627",3,3,2019-02-01 21:47:03,41.1977,-70.8809,11.846,977,"a",1.746,0,0.56,2.125,NA,"LTER","L1",0.232
"EN627",3,3,2019-02-01 21:47:03,41.1977,-70.8809,11.846,978,"b",1.71,0,0.551,2.049,NA,"LTER","L1",0.232
"EN627",3,5,2019-02-01 21:48:52,41.1978,-70.8806,6.786,979,"a",1.744,0,0.552,2.082,NA,"LTER","L1",0.261
"EN627",3,5,2019-02-01 21:48:52,41.1978,-70.8806,6.786,980,"b",1.731,0,0.554,2.079,NA,"LTER","L1",0.261
"EN627",3,7,2019-02-01 21:54:47,41.1984,-70.8797,2.136,981,"a",2.527,0.164,0.561,2.033,NA,"LTER","L1",0.359
"EN627",3,7,2019-02-01 21:54:47,41.1984,-70.8797,2.136,982,"b",1.864,0,0.557,2.074,NA,"LTER","L1",0.359
"EN627",7,2,2019-02-02 06:33:21,41.0275,-70.8809,41.169,983,"a",1.561,0,0.479,1.631,NA,"LTER","L2",0.349
"EN627",7,2,2019-02-02 06:33:21,41.0275,-70.8809,41.169,984,"b",1.558,0,0.474,1.998,NA,"LTER","L2",0.349
"EN627",7,4,2019-02-02 06:35:46,41.027,-70.8803,30.419,985,"a",1.406,0,0.461,1.551,NA,"LTER","L2",0.418
"EN627",7,4,2019-02-02 06:35:46,41.027,-70.8803,30.419,986,"b",1.402,0,0.463,1.536,NA,"LTER","L2",0.418
"EN627",7,7,2019-02-02 06:38:40,41.0263,-70.8797,15.15,987,"a",1.372,0,0.469,1.524,NA,"LTER","L2",0.511
"EN627",7,7,2019-02-02 06:38:40,41.0263,-70.8797,15.15,988,"b",1.367,0,0.469,1.533,NA,"LTER","L2",0.511
"EN627",7,10,2019-02-02 06:41:34,41.0257,-70.8792,3.817,989,"a",1.389,0,0.477,1.543,NA,"LTER","L2",0.595
"EN627",7,10,2019-02-02 06:41:34,41.0257,-70.8792,3.817,990,"b",1.369,0,0.466,1.531,NA,"LTER","L2",0.595
"EN627",8,1,2019-02-02 10:08:04,40.8635,-70.8856,50.665,991,"a",1.531,0,0.506,1.655,NA,"LTER","L3",0.197
"EN627",8,1,2019-02-02 10:08:04,40.8635,-70.8856,50.665,992,"b",1.527,0,0.502,1.64,NA,"LTER","L3",0.197
"EN627",8,4,2019-02-02 10:10:22,40.8637,-70.8863,44.879,993,"a",1.499,0,0.514,1.648,NA,"LTER","L3",0.253
"EN627",8,4,2019-02-02 10:10:22,40.8637,-70.8863,44.879,994,"b",1.517,0,0.518,1.647,NA,"LTER","L3",0.253
"EN627",8,5,2019-02-02 10:13:00,40.8639,-70.8871,30.509,995,"a",1.549,0,0.519,1.751,NA,"LTER","L3",0.327
"EN627",8,5,2019-02-02 10:13:00,40.8639,-70.8871,30.509,996,"b",1.549,0,0.513,1.752,NA,"LTER","L3",0.327
"EN627",8,6,2019-02-02 10:15:30,40.8642,-70.8877,14.767,997,"a",1.551,0,0.5,1.787,NA,"LTER","L3",0.382
"EN627",8,6,2019-02-02 10:15:30,40.8642,-70.8877,14.767,998,"b",1.526,0,0.507,1.741,NA,"LTER","L3",0.382
"EN627",8,8,2019-02-02 10:17:45,40.8643,-70.8879,5.075,999,"a",1.566,0,0.508,1.762,NA,"LTER","L3",0.402
"EN627",8,8,2019-02-02 10:17:45,40.8643,-70.8879,5.075,1000,"b",1.558,0,0.502,1.739,NA,"LTER","L3",0.402
"EN627",12,2,2019-02-02 20:05:26,40.6977,-70.8809,61.821,1001,"a",1.699,0,0.554,2.282,NA,"LTER","L4",0.233
"EN627",12,2,2019-02-02 20:05:26,40.6977,-70.8809,61.821,1002,"b",1.718,0,0.56,2.284,NA,"LTER","L4",0.233
"EN627",12,4,2019-02-02 20:07:30,40.6978,-70.8802,45.488,1003,"a",1.667,0,0.545,2.212,NA,"LTER","L4",0.293
"EN627",12,4,2019-02-02 20:07:30,40.6978,-70.8802,45.488,1004,"b",1.648,0,0.552,2.219,NA,"LTER","L4",0.293
"EN627",12,6,2019-02-02 20:09:27,40.6979,-70.8795,29.856,1005,"a",1.614,0,0.549,2.129,NA,"LTER","L4",0.349
"EN627",12,6,2019-02-02 20:09:27,40.6979,-70.8795,29.856,1006,"b",1.613,0,0.543,2.125,NA,"LTER","L4",0.349
"EN627",12,8,2019-02-02 20:11:25,40.698,-70.8788,15.248,1007,"a",1.607,0,0.543,2.233,NA,"LTER","L4",0.41
"EN627",12,8,2019-02-02 20:11:25,40.698,-70.8788,15.248,1008,"b",1.593,0,0.541,2.111,NA,"LTER","L4",0.41
"EN627",12,10,2019-02-02 20:13:29,40.6981,-70.8781,3.304,1009,"a",1.614,0,0.545,2.123,NA,"LTER","L4",0.469
"EN627",12,10,2019-02-02 20:13:29,40.6981,-70.8781,3.304,1010,"b",1.65,0,0.55,2.11,NA,"LTER","L4",0.469
"EN627",13,2,2019-02-02 23:31:46,40.5075,-70.8796,74.652,1011,"a",7.689,0,0.687,9.219,NA,"LTER","L5",0.717
"EN627",13,2,2019-02-02 23:31:46,40.5075,-70.8796,74.652,1012,"b",7.71,0,0.684,9.248,NA,"LTER","L5",0.717
"EN627",13,4,2019-02-02 23:34:29,40.5069,-70.8792,45.404,1013,"a",3.336,0,0.58,3.435,NA,"LTER","L5",0.79
"EN627",13,4,2019-02-02 23:34:29,40.5069,-70.8792,45.404,1014,"b",3.351,0,0.589,3.437,NA,"LTER","L5",0.79
"EN627",13,6,2019-02-02 23:37:00,40.5063,-70.8787,29.292,1015,"a",3.307,0,0.592,3.4,NA,"LTER","L5",0.865
"EN627",13,6,2019-02-02 23:37:00,40.5063,-70.8787,29.292,1016,"b",3.321,0,0.596,3.402,NA,"LTER","L5",0.865
"EN627",13,7,2019-02-02 23:39:03,40.5058,-70.8781,15.557,1017,"a",3.354,0,0.587,3.386,NA,"LTER","L5",0.947
"EN627",13,7,2019-02-02 23:39:03,40.5058,-70.8781,15.557,1018,"b",3.321,0,0.583,3.415,NA,"LTER","L5",0.947
"EN627",13,10,2019-02-02 23:40:43,40.5054,-70.8776,3.948,1019,"a",3.28,0,0.583,3.409,NA,"LTER","L5",1.003
"EN627",13,10,2019-02-02 23:40:43,40.5054,-70.8776,3.948,1020,"b",3.349,0,0.58,3.407,NA,"LTER","L5",1.003
"EN627",16,2,2019-02-03 10:52:22,40.3626,-70.8884,89.141,1021,"a",8.245,0,0.614,8.06,NA,"LTER","L6",0.443
"EN627",16,2,2019-02-03 10:52:22,40.3626,-70.8884,89.141,1022,"b",8.271,0,0.625,8.064,NA,"LTER","L6",0.443
"EN627",16,3,2019-02-03 10:54:37,40.3627,-70.889,71.85,1023,"a",6.728,0,0.536,4.737,NA,"LTER","L6",0.485
"EN627",16,3,2019-02-03 10:54:37,40.3627,-70.889,71.85,1024,"b",6.724,0,0.511,4.737,NA,"LTER","L6",0.485
"EN627",16,4,2019-02-03 10:56:47,40.363,-70.8896,60.169,1025,"a",4.107,0,0.469,1.919,NA,"LTER","L6",0.535
"EN627",16,4,2019-02-03 10:56:47,40.363,-70.8896,60.169,1026,"b",4.099,0,0.471,1.945,NA,"LTER","L6",0.535
"EN627",16,6,2019-02-03 10:59:04,40.3632,-70.8902,43.679,1027,"a",2.382,0.094,0.428,1.528,NA,"LTER","L6",0.587
"EN627",16,6,2019-02-03 10:59:04,40.3632,-70.8902,43.679,1028,"b",2.352,0.091,0.423,1.522,NA,"LTER","L6",0.587
"EN627",16,9,2019-02-03 11:02:01,40.3634,-70.891,15.474,1029,"a",1.767,0.094,0.404,1.486,NA,"LTER","L6",0.656
"EN627",16,9,2019-02-03 11:02:01,40.3634,-70.891,15.474,1030,"b",1.767,0.047,0.408,1.505,NA,"LTER","L6",0.656
"EN627",16,11,2019-02-03 11:04:13,40.3637,-70.8916,5.491,1031,"a",1.781,0.083,0.405,1.509,NA,"LTER","L6",0.709
"EN627",16,11,2019-02-03 11:04:13,40.3637,-70.8916,5.491,1032,"b",1.767,0.164,0.407,1.531,NA,"LTER","L6",0.709
"EN627",17,2,2019-02-03 13:58:54,40.2287,-70.8857,121.783,1033,"a",12.516,0,0.79,7.501,NA,"LTER","L7",0.306
"EN627",17,2,2019-02-03 13:58:54,40.2287,-70.8857,121.783,1034,"b",12.473,0,0.875,7.51,NA,"LTER","L7",0.306
"EN627",17,5,2019-02-03 14:05:35,40.229,-70.8844,65.088,1035,"a",4.503,0,0.408,1.951,NA,"LTER","L7",0.267
"EN627",17,5,2019-02-03 14:05:35,40.229,-70.8844,65.088,1036,"b",4.553,0,0.403,1.948,NA,"LTER","L7",0.267
"EN627",17,7,2019-02-03 14:08:28,40.2289,-70.8838,51.591,1037,"a",4.308,0,0.432,1.869,NA,"LTER","L7",0.244
"EN627",17,7,2019-02-03 14:08:28,40.2289,-70.8838,51.591,1038,"b",4.31,0,0.441,1.877,NA,"LTER","L7",0.244
"EN627",17,8,2019-02-03 14:10:26,40.2288,-70.8835,45.592,1039,"a",4.026,0,0.435,1.628,NA,"LTER","L7",0.238
"EN627",17,8,2019-02-03 14:10:26,40.2288,-70.8835,45.592,1040,"b",4.022,0,0.436,1.632,NA,"LTER","L7",0.238
"EN627",17,9,2019-02-03 14:13:11,40.2289,-70.883,20.446,1041,"a",4.028,0,0.443,1.621,NA,"LTER","L7",0.241
"EN627",17,9,2019-02-03 14:13:11,40.2289,-70.883,20.446,1041,"b",4.028,0,0.443,1.621,NA,"LTER","L7",0.241
"EN627",17,10,2019-02-03 14:15:25,40.2288,-70.8826,4.85,1043,"a",4.013,0.058,0.457,1.625,NA,"LTER","L7",0.242
"EN627",17,10,2019-02-03 14:15:25,40.2288,-70.8826,4.85,1044,"b",4.017,0.085,0.449,1.622,NA,"LTER","L7",0.242
"EN627",19,1,2019-02-03 17:53:41,40.135,-70.7632,128.601,1045,"a",14.647,0,0.872,6.903,NA,"LTER","L8",1.022
"EN627",19,1,2019-02-03 17:53:41,40.135,-70.7632,128.601,1046,"b",14.846,0,0.88,7.248,NA,"LTER","L8",1.022
"EN627",19,3,2019-02-03 17:58:19,40.1349,-70.763,94.988,1047,"a",6.982,0,0.487,3.078,NA,"LTER","L8",1.042
"EN627",19,3,2019-02-03 17:58:19,40.1349,-70.763,94.988,1048,"b",6.981,0,0.487,3.112,NA,"LTER","L8",1.042
"EN627",19,4,2019-02-03 18:00:28,40.1349,-70.7629,74.971,1049,"a",4.271,0.318,0.354,2.141,NA,"LTER","L8",1.051
"EN627",19,4,2019-02-03 18:00:28,40.1349,-70.7629,74.971,1050,"b",5.053,0,0.4,2.485,NA,"LTER","L8",1.051
"EN627",19,5,2019-02-03 18:02:36,40.1349,-70.7627,55.103,1051,"a",4.418,0,0.41,1.993,NA,"LTER","L8",1.063
"EN627",19,5,2019-02-03 18:02:36,40.1349,-70.7627,55.103,1052,"b",4.401,0,0.42,2.031,NA,"LTER","L8",1.063
"EN627",19,6,2019-02-03 18:05:22,40.135,-70.7625,40.09,1053,"a",4.111,0.162,0.466,1.889,NA,"LTER","L8",1.081
"EN627",19,6,2019-02-03 18:05:22,40.135,-70.7625,40.09,1054,"b",4.143,0.171,0.467,1.836,NA,"LTER","L8",1.081
"EN627",19,7,2019-02-03 18:07:29,40.1349,-70.7623,19.655,1055,"a",3.889,0.021,0.462,1.703,NA,"LTER","L8",1.097
"EN627",19,7,2019-02-03 18:07:29,40.1349,-70.7623,19.655,1056,"b",3.8,0.053,0.448,1.655,NA,"LTER","L8",1.097
"EN627",19,9,2019-02-03 18:09:45,40.1349,-70.7622,2.964,1057,"a",3.692,0.067,0.457,1.679,NA,"LTER","L8",1.112
"EN627",19,9,2019-02-03 18:09:45,40.1349,-70.7622,2.964,1058,"b",3.573,0.069,0.433,1.574,NA,"LTER","L8",1.112
"EN627",22,1,2019-02-04 02:00:27,40.0977,-70.8839,144.213,1059,"a",14.668,0,0.895,8.09,NA,"LTER","L9",0.084
"EN627",22,1,2019-02-04 02:00:27,40.0977,-70.8839,144.213,1060,"b",14.631,0,0.895,8.056,NA,"LTER","L9",0.084
"EN627",22,3,2019-02-04 02:03:47,40.0978,-70.8832,111.446,1061,"a",9,0.091,0.577,4.142,NA,"LTER","L9",0.054
"EN627",22,3,2019-02-04 02:03:47,40.0978,-70.8832,111.446,1062,"b",8.967,0.046,0.571,4.169,NA,"LTER","L9",0.054
"EN627",22,4,2019-02-04 02:06:21,40.0979,-70.8826,80.249,1063,"a",4.702,0.2,0.396,2.072,NA,"LTER","L9",0.076
"EN627",22,4,2019-02-04 02:06:21,40.0979,-70.8826,80.249,1064,"b",4.69,0.149,0.393,2.078,NA,"LTER","L9",0.076
"EN627",22,5,2019-02-04 02:08:37,40.0979,-70.8821,60.363,1065,"a",4.3,0.158,0.408,1.948,NA,"LTER","L9",0.115
"EN627",22,5,2019-02-04 02:08:37,40.0979,-70.8821,60.363,1066,"b",4.309,0.223,0.416,1.927,NA,"LTER","L9",0.115
"EN627",22,6,2019-02-04 02:10:42,40.0979,-70.8816,45.314,1067,"a",3.901,0,0.4,1.732,NA,"LTER","L9",0.154
"EN627",22,6,2019-02-04 02:10:42,40.0979,-70.8816,45.314,1068,"b",3.859,0,0.401,1.728,NA,"LTER","L9",0.154
"EN627",22,7,2019-02-04 02:13:04,40.0979,-70.881,25.334,1069,"a",3.759,0,0.406,1.687,NA,"LTER","L9",0.199
"EN627",22,7,2019-02-04 02:13:04,40.0979,-70.881,25.334,1070,"b",3.758,0,0.446,1.683,NA,"LTER","L9",0.199
"EN627",22,9,2019-02-04 02:14:58,40.0979,-70.8805,15.16,1071,"a",3.698,0,0.408,1.622,NA,"LTER","L9",0.238
"EN627",22,9,2019-02-04 02:14:58,40.0979,-70.8805,15.16,1072,"b",3.703,0,0.415,1.631,NA,"LTER","L9",0.238
"EN627",22,11,2019-02-04 02:17:03,40.098,-70.88,2.544,1073,"a",3.77,0,0.424,1.534,NA,"LTER","L9",0.282
"EN627",22,11,2019-02-04 02:17:03,40.098,-70.88,2.544,1074,"b",3.744,0.139,0.426,1.534,NA,"LTER","L9",0.282
"EN627",24,1,2019-02-04 06:53:23,39.9389,-70.884,441.78,1075,"a",21.446,0,1.379,13.279,NA,"LTER","L10",0.135
"EN627",24,1,2019-02-04 06:53:23,39.9389,-70.884,441.78,1076,"b",21.473,0,1.376,13.331,NA,"LTER","L10",0.135
"EN627",24,2,2019-02-04 06:57:19,39.9387,-70.8843,345.37,1077,"a",23.291,0,1.471,13.344,NA,"LTER","L10",0.166
"EN627",24,2,2019-02-04 06:57:19,39.9387,-70.8843,345.37,1078,"b",23.327,0.09,1.472,13.506,NA,"LTER","L10",0.166
"EN627",24,3,2019-02-04 07:02:15,39.9385,-70.8846,164.804,1079,"a",13.81,0,0.818,5.848,NA,"LTER","L10",0.198
"EN627",24,3,2019-02-04 07:02:15,39.9385,-70.8846,164.804,1080,"b",13.825,0.042,0.84,5.989,NA,"LTER","L10",0.198
"EN627",24,4,2019-02-04 07:07:53,39.9383,-70.885,128.886,1081,"a",8.133,0,0.528,3.603,NA,"LTER","L10",0.242
"EN627",24,4,2019-02-04 07:07:53,39.9383,-70.885,128.886,1082,"b",8.112,0.035,0.537,3.6,NA,"LTER","L10",0.242
"EN627",24,5,2019-02-04 07:11:42,39.9382,-70.8853,69.723,1083,"a",5.213,0.036,0.41,2.644,NA,"LTER","L10",0.265
"EN627",24,5,2019-02-04 07:11:42,39.9382,-70.8853,69.723,1084,"b",5.224,0,0.42,2.29,NA,"LTER","L10",0.265
"EN627",24,6,2019-02-04 07:15:12,39.9381,-70.8856,19.847,1085,"a",2.866,0.018,0.395,1.757,NA,"LTER","L10",0.286
"EN627",24,6,2019-02-04 07:15:12,39.9381,-70.8856,19.847,1086,"b",2.872,0.239,0.392,1.802,NA,"LTER","L10",0.286
"EN627",24,8,2019-02-04 07:17:19,39.9381,-70.8857,13.001,1087,"a",2.851,0.207,0.399,1.722,NA,"LTER","L10",0.298
"EN627",24,8,2019-02-04 07:17:19,39.9381,-70.8857,13.001,1088,"b",2.841,0.023,0.397,1.715,NA,"LTER","L10",0.298
"EN627",24,9,2019-02-04 07:19:19,39.9381,-70.8859,4.903,1089,"a",2.86,0.07,0.386,1.684,NA,"LTER","L10",0.305
"EN627",24,9,2019-02-04 07:19:19,39.9381,-70.8859,4.903,1090,"b",2.851,0.088,0.393,1.704,NA,"LTER","L10",0.305
"EN627",25,4,2019-02-04 11:59:57,39.7767,-70.8896,50.055,1091,"a",4.029,0.177,0.388,2.135,NA,"LTER","L11",0.659
"EN627",25,4,2019-02-04 11:59:57,39.7767,-70.8896,50.055,1092,"b",4.033,0.058,0.393,1.755,NA,"LTER","L11",0.659
"EN627",25,8,2019-02-04 12:02:34,39.7767,-70.8903,29.995,1093,"a",3.366,0.12,0.383,1.528,NA,"LTER","L11",0.714
"EN627",25,8,2019-02-04 12:02:34,39.7767,-70.8903,29.995,1094,"b",3.371,0,0.379,1.528,NA,"LTER","L11",0.714
"EN627",25,11,2019-02-04 12:05:23,39.7767,-70.891,4.976,1095,"a",3.634,0,0.403,1.527,NA,"LTER","L11",0.763
"EN627",25,11,2019-02-04 12:05:23,39.7767,-70.891,4.976,1096,"b",3.627,0.26,0.402,1.572,NA,"LTER","L11",0.763
"EN627",26,1,2019-02-04 13:01:18,39.777,-70.8861,499.769,1097,"a",20.318,0.229,1.308,12.482,NA,"LTER","L11",0.481
"EN627",26,1,2019-02-04 13:01:18,39.777,-70.8861,499.769,1098,"b",20.302,0,1.297,12.367,NA,"LTER","L11",0.481
"EN627",26,3,2019-02-04 13:09:04,39.7778,-70.888,181.467,1099,"a",18.804,0.077,1.123,8.613,NA,"LTER","L11",0.646
"EN627",26,3,2019-02-04 13:09:04,39.7778,-70.888,181.467,1100,"b",18.865,0.155,1.127,8.623,NA,"LTER","L11",0.646
"EN627",26,4,2019-02-04 13:12:05,39.7781,-70.8889,130.562,1101,"a",11.813,0.145,0.726,5.517,NA,"LTER","L11",0.714
"EN627",26,4,2019-02-04 13:12:05,39.7781,-70.8889,130.562,1102,"b",11.77,0.073,0.719,5.532,NA,"LTER","L11",0.714
"EN627",26,5,2019-02-04 13:14:28,39.7782,-70.8895,110.743,1103,"a",8.479,0.073,0.547,3.719,NA,"LTER","L11",0.762
"EN627",26,5,2019-02-04 13:14:28,39.7782,-70.8895,110.743,1104,"b",8.478,0,0.548,3.683,NA,"LTER","L11",0.762
"EN627",26,6,2019-02-04 13:17:35,39.7783,-70.8903,55.157,1105,"a",4.111,0.19,0.381,1.777,NA,"LTER","L11",0.818
"EN627",26,6,2019-02-04 13:17:35,39.7783,-70.8903,55.157,1106,"b",4.115,0.153,0.398,1.766,NA,"LTER","L11",0.818
"EN627",26,7,2019-02-04 13:20:36,39.7783,-70.891,29.961,1107,"a",3.344,0.089,0.371,1.707,NA,"LTER","L11",0.862
"EN627",26,7,2019-02-04 13:20:36,39.7783,-70.891,29.961,1108,"b",3.334,0,0.362,1.502,NA,"LTER","L11",0.862
"EN627",26,9,2019-02-04 13:22:59,39.7782,-70.8915,13.128,1109,"a",3.494,0.053,0.378,1.518,NA,"LTER","L11",0.895
"EN627",26,9,2019-02-04 13:22:59,39.7782,-70.8915,13.128,1110,"b",3.514,0.023,0.38,1.514,NA,"LTER","L11",0.895
"EN627",26,11,2019-02-04 13:25:03,39.7782,-70.892,5.097,1111,"a",3.556,0,0.388,1.518,NA,"LTER","L11",0.92
"EN627",26,11,2019-02-04 13:25:03,39.7782,-70.892,5.097,1112,"b",2.921,1.414,0.356,1.298,NA,"LTER","L11",0.92
"EN627",29,1,2019-02-05 02:55:36,39.7762,-70.5227,500.183,1113,"a",20.091,0,1.301,12.516,NA,"LTER","u11c",6.661
"EN627",29,1,2019-02-05 02:55:36,39.7762,-70.5227,500.183,1114,"b",20.154,0,1.291,12.452,NA,"LTER","u11c",6.661
"EN627",29,2,2019-02-05 03:03:25,39.7772,-70.5233,250.682,1115,"a",22.325,0.042,1.373,11.637,NA,"LTER","u11c",6.725
"EN627",29,2,2019-02-05 03:03:25,39.7772,-70.5233,250.682,1116,"b",22.326,0,1.385,11.636,NA,"LTER","u11c",6.725
"EN627",29,3,2019-02-05 03:07:11,39.7776,-70.5237,149.467,1117,"a",15.209,0.05,0.89,6.352,NA,"LTER","u11c",6.761
"EN627",29,3,2019-02-05 03:07:11,39.7776,-70.5237,149.467,1118,"b",15.214,0.028,0.894,6.374,NA,"LTER","u11c",6.761
"EN627",29,5,2019-02-05 03:10:31,39.7779,-70.5241,100.364,1119,"a",5.507,0.048,0.351,2.322,NA,"LTER","u11c",6.796
"EN627",29,5,2019-02-05 03:10:31,39.7779,-70.5241,100.364,1120,"b",5.522,0.1,0.353,2.347,NA,"LTER","u11c",6.796
"EN627",29,6,2019-02-05 03:13:23,39.7781,-70.5245,70.188,1121,"a",5.261,0.051,0.325,2.264,NA,"LTER","u11c",6.83
"EN627",29,6,2019-02-05 03:13:23,39.7781,-70.5245,70.188,1122,"b",5.282,0.033,0.327,2.275,NA,"LTER","u11c",6.83
"EN627",29,8,2019-02-05 03:16:09,39.7784,-70.5248,40.126,1123,"a",5.379,0,0.333,2.433,NA,"LTER","u11c",6.862
"EN627",29,8,2019-02-05 03:16:09,39.7784,-70.5248,40.126,1124,"b",5.364,0,0.339,2.412,NA,"LTER","u11c",6.862
"EN627",29,9,2019-02-05 03:18:07,39.7785,-70.5251,20.329,1125,"a",5.323,0,0.334,2.585,NA,"LTER","u11c",6.887
"EN627",29,9,2019-02-05 03:18:07,39.7785,-70.5251,20.329,1126,"b",5.315,0,0.335,2.522,NA,"LTER","u11c",6.887
"EN627",29,10,2019-02-05 03:20:08,39.7787,-70.5254,1.827,1127,"a",5.291,0.068,0.325,2.393,NA,"LTER","u11c",6.914
"EN627",29,10,2019-02-05 03:20:08,39.7787,-70.5254,1.827,1128,"b",5.301,0.031,0.334,2.411,NA,"LTER","u11c",6.914
"EN627",30,6,2019-02-05 06:39:56,39.779,-70.886,4.855,1129,"a",3.613,0.102,0.438,1.401,NA,"LTER","L11",0.673
"EN627",30,6,2019-02-05 06:39:56,39.779,-70.886,4.855,1130,"b",3.596,0.087,0.436,1.394,NA,"LTER","L11",0.673
"EN627",39,1,2019-02-05 17:18:11,40.365,-70.7796,87.311,1131,"a",8.489,0,0.629,8.689,NA,"LTER","L13",0.394
"EN627",39,1,2019-02-05 17:18:11,40.365,-70.7796,87.311,1132,"b",8.497,0.035,0.644,8.7,NA,"LTER","L13",0.394
"EN627",39,2,2019-02-05 17:20:59,40.3651,-70.78,54.855,1133,"a",4.099,0.351,0.487,1.788,NA,"LTER","L13",0.428
"EN627",39,2,2019-02-05 17:20:59,40.3651,-70.78,54.855,1134,"b",4.221,0.322,0.499,1.842,NA,"LTER","L13",0.428
"EN627",39,3,2019-02-05 17:24:22,40.3652,-70.7804,3.165,1135,"a",0.346,0.258,0.367,1.528,NA,"LTER","L13",0.463
"EN627",39,3,2019-02-05 17:24:22,40.3652,-70.7804,3.165,1136,"b",0.321,0.263,0.371,1.533,NA,"LTER","L13",0.463
"EN627",40,1,2019-02-05 19:08:25,40.5133,-70.8853,69.363,1137,"a",3.069,0.087,0.55,2.589,NA,"LTER","L5",0.17
"EN627",40,1,2019-02-05 19:08:25,40.5133,-70.8853,69.363,1138,"b",3.046,0.113,0.546,2.58,NA,"LTER","L5",0.17
"EN627",40,2,2019-02-05 19:11:58,40.5134,-70.8857,15.529,1139,"a",3.083,0.14,0.549,2.881,NA,"LTER","L5",0.205
"EN627",40,2,2019-02-05 19:11:58,40.5134,-70.8857,15.529,1140,"b",3.095,0.132,0.553,2.843,NA,"LTER","L5",0.205
"EN627",40,4,2019-02-05 19:14:12,40.5134,-70.8858,2.551,1141,"a",2.899,0.115,0.543,2.747,NA,"LTER","L5",0.214
"EN627",40,4,2019-02-05 19:14:12,40.5134,-70.8858,2.551,1142,"b",2.914,0.16,0.526,2.79,NA,"LTER","L5",0.214
"EN627",45,1,2019-02-06 04:26:37,41.3199,-70.5728,14.571,1143,"a",1.114,0.247,0.493,1.108,NA,"LTER","MVCO",0.764
"EN627",45,1,2019-02-06 04:26:37,41.3199,-70.5728,14.571,1144,"b",1.16,0.346,0.49,1.089,NA,"LTER","MVCO",0.764
"EN627",45,5,2019-02-06 04:28:43,41.3196,-70.5729,8.682,1145,"a",1.115,0.323,0.494,1.125,NA,"LTER","MVCO",0.796
"EN627",45,5,2019-02-06 04:28:43,41.3196,-70.5729,8.682,1146,"b",1.078,0.292,0.494,1.075,NA,"LTER","MVCO",0.796
"EN627",45,9,2019-02-06 04:30:46,41.3193,-70.5731,2.008,1147,"a",0.96,1.751,0.456,0.971,NA,"LTER","MVCO",0.829
"EN627",45,9,2019-02-06 04:30:46,41.3193,-70.5731,2.008,1148,"b",1.068,0.899,0.488,1.019,NA,"LTER","MVCO",0.829
"EN644",1,2,2019-08-20 19:10:41,41.1968,-70.8793,17.968,1430,"a",0.435,0.447,0.37,3.467,NA,"LTER","L1",0.338
"EN644",1,2,2019-08-20 19:10:41,41.1968,-70.8793,17.968,1431,"b",0.32,0.502,0.371,3.445,NA,"LTER","L1",0.338
"EN644",1,7,2019-08-20 19:13:15,41.1969,-70.8787,12.713,1432,"a",0,0,0.121,1.347,NA,"LTER","L1",0.39
"EN644",1,7,2019-08-20 19:13:15,41.1969,-70.8787,12.713,1433,"b",0,0,0.121,1.364,NA,"LTER","L1",0.39
"EN644",1,11,2019-08-20 19:15:37,41.1969,-70.8781,6.846,1434,"a",0,0,0.252,0.554,NA,"LTER","L1",0.435
"EN644",1,11,2019-08-20 19:15:37,41.1969,-70.8781,6.846,1435,"b",0,0.145,0.227,0.441,NA,"LTER","L1",0.435
"EN644",1,17,2019-08-20 19:17:59,41.1968,-70.8776,2.188,1436,"a",0,0,0.241,0.267,NA,"LTER","L1",0.475
"EN644",1,17,2019-08-20 19:17:59,41.1968,-70.8776,2.188,1437,"b",0,0.028,0.258,0.264,NA,"LTER","L1",0.475
"EN644",2,2,2019-08-21 00:40:04,41.0242,-70.8719,42.85,1438,"a",1.869,2.439,0.822,13.126,NA,"LTER","L2",1.159
"EN644",2,2,2019-08-21 00:40:04,41.0242,-70.8719,42.85,1439,"b",1.873,2.424,0.833,13.198,NA,"LTER","L2",1.159
"EN644",2,5,2019-08-21 00:42:30,41.0241,-70.8718,25.054,1440,"a",0.877,1.912,0.685,8.455,NA,"LTER","L2",1.171
"EN644",2,5,2019-08-21 00:42:30,41.0241,-70.8718,25.054,1441,"b",0.941,1.951,0.795,9.074,NA,"LTER","L2",1.171
"EN644",2,9,2019-08-21 00:44:24,41.024,-70.8717,18.043,1442,"a",0.148,0.709,0.581,5.731,NA,"LTER","L2",1.181
"EN644",2,9,2019-08-21 00:44:24,41.024,-70.8717,18.043,1443,"b",0.145,0.706,0.589,5.707,NA,"LTER","L2",1.181
"EN644",2,11,2019-08-21 00:46:07,41.0239,-70.8716,9.835,1444,"a",0,0,0.327,1.696,NA,"LTER","L2",1.193
"EN644",2,11,2019-08-21 00:46:07,41.0239,-70.8716,9.835,1445,"b",0,0,0.316,1.675,NA,"LTER","L2",1.193
"EN644",2,17,2019-08-21 00:48:30,41.0237,-70.8715,1.79,1446,"a",0,0,0.312,0.511,NA,"LTER","L2",1.213
"EN644",2,17,2019-08-21 00:48:30,41.0237,-70.8715,1.79,1447,"b",0,0,0.304,0.509,NA,"LTER","L2",1.213
"EN644",5,2,2019-08-21 07:42:43,40.8629,-70.8808,51.669,1448,"a",6.577,0,0.852,12.216,NA,"LTER","L3",0.214
"EN644",5,2,2019-08-21 07:42:43,40.8629,-70.8808,51.669,1449,"b",6.59,0,0.986,12.219,NA,"LTER","L3",0.214
"EN644",5,4,2019-08-21 07:45:02,40.8629,-70.8804,40.923,1450,"a",1.632,0.673,0.639,4.892,NA,"LTER","L3",0.244
"EN644",5,4,2019-08-21 07:45:02,40.8629,-70.8804,40.923,1451,"b",1.61,0.613,0.643,5.276,NA,"LTER","L3",0.244
"EN644",5,6,2019-08-21 07:47:19,40.863,-70.88,30.224,1452,"a",1.203,1.287,0.649,4.725,NA,"LTER","L3",0.281
"EN644",5,6,2019-08-21 07:47:19,40.863,-70.88,30.224,1453,"b",1.199,1.308,0.644,4.607,NA,"LTER","L3",0.281
"EN644",5,9,2019-08-21 07:49:15,40.8631,-70.8796,20.065,1454,"a",0,0.554,0.374,2.087,NA,"LTER","L3",0.309
"EN644",5,9,2019-08-21 07:49:15,40.8631,-70.8796,20.065,1455,"b",0,0.511,0.372,2.11,NA,"LTER","L3",0.309
"EN644",5,12,2019-08-21 07:51:32,40.8632,-70.8793,10.702,1456,"a",0,0.051,0,0,NA,"LTER","L3",0.341
"EN644",5,12,2019-08-21 07:51:32,40.8632,-70.8793,10.702,1457,"b",0,0.049,0,0,NA,"LTER","L3",0.341
"EN644",5,15,2019-08-21 07:53:45,40.8632,-70.8789,2.619,1458,"a",0,0,0,0,NA,"LTER","L3",0.371
"EN644",5,15,2019-08-21 07:53:45,40.8632,-70.8789,2.619,1459,"b",0,0,0,0,NA,"LTER","L3",0.371
"EN644",7,2,2019-08-21 20:34:53,40.3573,-70.8739,90.899,1460,"a",12.389,0.06,1.012,17.623,NA,"LTER","L6",1.038
"EN644",7,2,2019-08-21 20:34:53,40.3573,-70.8739,90.899,1461,"b",12.291,0.08,1.022,17.517,NA,"LTER","L6",1.038
"EN644",7,3,2019-08-21 20:38:55,40.3559,-70.8737,61.425,1462,"a",5.165,0,0.667,7.8,NA,"LTER","L6",1.155
"EN644",7,3,2019-08-21 20:38:55,40.3559,-70.8737,61.425,1463,"b",5.243,0,0.673,7.917,NA,"LTER","L6",1.155
"EN644",7,5,2019-08-21 20:41:05,40.3554,-70.874,35.93,1464,"a",1.36,0.122,0.432,4.488,NA,"LTER","L6",1.179
"EN644",7,5,2019-08-21 20:41:05,40.3554,-70.874,35.93,1465,"b",1.327,0,0.432,4.313,NA,"LTER","L6",1.179
"EN644",7,7,2019-08-21 20:42:48,40.3549,-70.874,29.249,1466,"a",0.676,0.149,0.386,4.284,NA,"LTER","L6",1.218
"EN644",7,7,2019-08-21 20:42:48,40.3549,-70.874,29.249,1467,"b",0.688,0.11,0.392,4.323,NA,"LTER","L6",1.218
"EN644",7,9,2019-08-21 20:44:37,40.3545,-70.874,23.963,1468,"a",0,0,0.302,3.511,NA,"LTER","L6",1.257
"EN644",7,9,2019-08-21 20:44:37,40.3545,-70.874,23.963,1469,"b",0,0,0.309,3.615,NA,"LTER","L6",1.257
"EN644",7,12,2019-08-21 20:46:48,40.354,-70.874,18.102,1470,"a",0,0,0.221,2.623,NA,"LTER","L6",1.297
"EN644",7,12,2019-08-21 20:46:48,40.354,-70.874,18.102,1471,"b",0,0,0.221,2.559,NA,"LTER","L6",1.297
"EN644",7,16,2019-08-21 20:49:27,40.3534,-70.8741,11.651,1472,"a",0,0.031,0.128,1.302,NA,"LTER","L6",1.346
"EN644",7,16,2019-08-21 20:49:27,40.3534,-70.8741,11.651,1473,"b",0,0,0.125,1.298,NA,"LTER","L6",1.346
"EN644",7,17,2019-08-21 20:51:08,40.3528,-70.8744,2.251,1474,"a",0,0.366,0,0,NA,"LTER","L6",1.393
"EN644",7,17,2019-08-21 20:51:08,40.3528,-70.8744,2.251,1475,"b",0,0,0,0,NA,"LTER","L6",1.393
"EN644",8,2,2019-08-22 00:09:22,40.2173,-70.8852,126.37,1476,"a",17.452,0,1.159,14.551,NA,"LTER","L7",1.052
"EN644",8,2,2019-08-22 00:09:22,40.2173,-70.8852,126.37,1477,"b",17.638,0,1.166,14.646,NA,"LTER","L7",1.052
"EN644",8,3,2019-08-22 00:12:05,40.2168,-70.8849,80.55,1478,"a",9.081,0,0.589,4.046,NA,"LTER","L7",1.112
"EN644",8,3,2019-08-22 00:12:05,40.2168,-70.8849,80.55,1479,"b",8.945,0,0.572,3.95,NA,"LTER","L7",1.112
"EN644",8,6,2019-08-22 00:14:46,40.216,-70.8849,61.224,1480,"a",6.564,0,0.633,6.111,NA,"LTER","L7",1.194
"EN644",8,6,2019-08-22 00:14:46,40.216,-70.8849,61.224,1481,"b",5.944,0.072,0.583,5.612,NA,"LTER","L7",1.194
"EN644",8,8,2019-08-22 00:16:42,40.2156,-70.885,40.033,1482,"a",4.005,0,0.609,5.485,NA,"LTER","L7",1.243
"EN644",8,8,2019-08-22 00:16:42,40.2156,-70.885,40.033,1483,"b",4.012,0.033,0.611,5.538,NA,"LTER","L7",1.243
"EN644",8,10,2019-08-22 00:18:24,40.215,-70.8852,29.721,1484,"a",0.355,0,0.376,1.712,NA,"LTER","L7",1.307
"EN644",8,10,2019-08-22 00:18:24,40.215,-70.8852,29.721,1485,"b",0.366,0,0.375,1.735,NA,"LTER","L7",1.307
"EN644",8,13,2019-08-22 00:20:13,40.2146,-70.8852,18.459,1486,"a",0,0,0.012,0.438,NA,"LTER","L7",1.358
"EN644",8,13,2019-08-22 00:20:13,40.2146,-70.8852,18.459,1487,"b",0,0,0,0.437,NA,"LTER","L7",1.358
"EN644",8,15,2019-08-22 00:22:14,40.2142,-70.885,10.162,1488,"a",0,0,0,0.28,NA,"LTER","L7",1.396
"EN644",8,15,2019-08-22 00:22:14,40.2142,-70.885,10.162,1489,"b",0,0,0,0.324,NA,"LTER","L7",1.396
"EN644",8,21,2019-08-22 00:25:03,40.2135,-70.8844,4.274,1490,"a",0,0,0,0.351,NA,"LTER","L7",1.473
"EN644",8,21,2019-08-22 00:25:03,40.2135,-70.8844,4.274,1491,"b",0,0,0,0.418,NA,"LTER","L7",1.473
"EN644",9,1,2019-08-22 04:31:06,40.1224,-70.7814,126.479,1492,"a",16.162,0,0.972,8.387,NA,"LTER","L8",1.682
"EN644",9,1,2019-08-22 04:31:06,40.1224,-70.7814,126.479,1493,"b",16.06,0,0.959,8.18,NA,"LTER","L8",1.682
"EN644",9,2,2019-08-22 04:33:38,40.1212,-70.7811,111.531,1494,"a",14.025,0,0.795,5.397,NA,"LTER","L8",1.798
"EN644",9,2,2019-08-22 04:33:38,40.1212,-70.7811,111.531,1495,"b",14.019,0,0.798,5.392,NA,"LTER","L8",1.798
"EN644",9,3,2019-08-22 04:36:32,40.1199,-70.7807,90.104,1496,"a",12.889,0,0.729,5.032,NA,"LTER","L8",1.924
"EN644",9,3,2019-08-22 04:36:32,40.1199,-70.7807,90.104,1497,"b",12.749,0,0.729,4.825,NA,"LTER","L8",1.924
"EN644",9,5,2019-08-22 04:39:10,40.1189,-70.7801,75.493,1498,"a",0,0,0,0.322,NA,"LTER","L8",2.028
"EN644",9,8,2019-08-22 04:44:10,40.1169,-70.7797,49.416,1500,"a",1.885,0.062,0.187,1.735,NA,"LTER","u9a",2.117
"EN644",9,13,2019-08-22 04:47:04,40.1158,-70.7792,31.26,1502,"a",0,0,0,0.74,NA,"LTER","u9a",1.985
"EN644",9,13,2019-08-22 04:47:04,40.1158,-70.7792,31.26,1503,"b",0,0,0,0.824,NA,"LTER","u9a",1.985
"EN644",9,14,2019-08-22 04:50:15,40.1146,-70.7788,15.106,1504,"a",0,0,0,0.535,NA,"LTER","u9a",1.85
"EN644",9,14,2019-08-22 04:50:15,40.1146,-70.7788,15.106,1505,"b",0,0,0,0.33,NA,"LTER","u9a",1.85
"EN644",9,18,2019-08-22 04:52:25,40.1141,-70.7783,4.688,1506,"a",0,0.094,0,0.364,NA,"LTER","u9a",1.787
"EN644",9,18,2019-08-22 04:52:25,40.1141,-70.7783,4.688,1507,"b",0,0.072,0,0.303,NA,"LTER","u9a",1.787
"EN644",12,2,2019-08-22 13:04:42,40.0919,-70.8889,146.016,1508,"a",15.739,0.019,0.948,7.728,NA,"LTER","L9",0.853
"EN644",12,2,2019-08-22 13:04:42,40.0919,-70.8889,146.016,1509,"b",13.284,0.085,0.846,6.648,NA,"LTER","L9",0.853
"EN644",12,3,2019-08-22 13:07:24,40.0916,-70.8894,110.57,1510,"a",13.639,0,0.779,5.107,NA,"LTER","L9",0.907
"EN644",12,3,2019-08-22 13:07:24,40.0916,-70.8894,110.57,1511,"b",13.656,0,0.784,5.078,NA,"LTER","L9",0.907
"EN644",12,5,2019-08-22 13:09:51,40.0913,-70.8895,85.603,1512,"a",11.399,0,0.639,3.981,NA,"LTER","L9",0.941
"EN644",12,5,2019-08-22 13:09:51,40.0913,-70.8895,85.603,1513,"b",11.394,0,0.641,3.96,NA,"LTER","L9",0.941
"EN644",12,7,2019-08-22 13:12:35,40.0909,-70.8902,59.661,1514,"a",8.617,0,0.491,3.098,NA,"LTER","L9",1.007
"EN644",12,7,2019-08-22 13:12:35,40.0909,-70.8902,59.661,1515,"b",8.632,0,0.497,3.096,NA,"LTER","L9",1.007
"EN644",12,10,2019-08-22 13:15:22,40.0904,-70.8914,45.734,1516,"a",3.213,0,0.198,1.798,NA,"LTER","L9",1.116
"EN644",12,10,2019-08-22 13:15:22,40.0904,-70.8914,45.734,1517,"b",3.261,0.026,0.196,1.795,NA,"LTER","L9",1.116
"EN644",12,13,2019-08-22 13:18:05,40.0902,-70.8922,30.194,1518,"a",0,0,0,0.62,NA,"LTER","L9",1.18
"EN644",12,13,2019-08-22 13:18:05,40.0902,-70.8922,30.194,1519,"b",0,0.072,0,0.593,NA,"LTER","L9",1.18
"EN644",12,15,2019-08-22 13:21:36,40.0895,-70.8935,20.383,1520,"a",0,0,0,0.563,NA,"LTER","L9",1.309
"EN644",12,15,2019-08-22 13:21:36,40.0895,-70.8935,20.383,1521,"b",0,0.033,0,0.541,NA,"LTER","L9",1.309
"EN644",12,16,2019-08-22 13:23:13,40.089,-70.8945,10.907,1522,"a",0,0.031,0,0.333,NA,"LTER","L9",1.405
"EN644",12,16,2019-08-22 13:23:13,40.089,-70.8945,10.907,1523,"b",0,0.139,0,0.309,NA,"LTER","L9",1.405
"EN644",12,18,2019-08-22 13:25:24,40.0886,-70.8955,2.429,1524,"a",0,0.352,0,0.076,NA,"LTER","L9",1.503
"EN644",12,18,2019-08-22 13:25:24,40.0886,-70.8955,2.429,1525,"b",0.072,0.094,0,0.143,NA,"LTER","L9",1.503
"EN644",13,2,2019-08-22 17:12:00,39.9359,-70.8857,300.369,1528,"a",24.866,0.021,1.544,13.247,NA,"LTER","L10",0.5
"EN644",13,2,2019-08-22 17:12:00,39.9359,-70.8857,300.369,1529,"b",24.833,0.033,1.55,13.227,NA,"LTER","L10",0.5
"EN644",13,3,2019-08-22 17:15:39,39.9355,-70.8854,200.321,1530,"a",20.34,0.335,1.223,8.822,NA,"LTER","L10",0.527
"EN644",13,3,2019-08-22 17:15:39,39.9355,-70.8854,200.321,1531,"b",20.298,0.385,1.232,8.821,NA,"LTER","L10",0.527
"EN644",13,5,2019-08-22 17:19:48,39.9351,-70.8853,100.464,1532,"a",12.169,0.44,0.698,4.286,NA,"LTER","L10",0.57
"EN644",13,5,2019-08-22 17:19:48,39.9351,-70.8853,100.464,1533,"b",12.207,0.463,0.692,4.26,NA,"LTER","L10",0.57
"EN644",13,8,2019-08-22 17:22:41,39.9348,-70.8852,53.518,1534,"a",0.93,0.587,0.069,0.974,NA,"LTER","L10",0.601
"EN644",13,8,2019-08-22 17:22:41,39.9348,-70.8852,53.518,1535,"b",0.955,0.614,0.074,0.978,NA,"LTER","L10",0.601
"EN644",13,13,2019-08-22 17:25:14,39.9345,-70.8851,27.054,1536,"a",0,0.641,0,0.53,NA,"LTER","L10",0.628
"EN644",13,13,2019-08-22 17:25:14,39.9345,-70.8851,27.054,1537,"b",0,0.453,0,0.538,NA,"LTER","L10",0.628
"EN644",13,14,2019-08-22 17:26:51,39.9343,-70.885,15.374,1538,"a",0,0.581,0,0.333,NA,"LTER","L10",0.645
"EN644",13,14,2019-08-22 17:26:51,39.9343,-70.885,15.374,1539,"b",0,0.658,0,0.333,NA,"LTER","L10",0.645
"EN644",13,18,2019-08-22 17:28:58,39.9342,-70.8849,2.977,1526,"a",0,0.05,0,0.314,NA,"LTER","L10",0.663
"EN644",13,18,2019-08-22 17:28:58,39.9342,-70.8849,2.977,1527,"b",0,0.044,0,0.3,NA,"LTER","L10",0.663
"EN644",17,1,2019-08-23 01:33:43,39.7622,-70.879,501.479,1540,"a",22.757,0.71,1.456,13.374,NA,"LTER","L11",1.286
"EN644",17,1,2019-08-23 01:33:43,39.7622,-70.879,501.479,1541,"b",22.927,0.68,1.456,13.416,NA,"LTER","L11",1.286
"EN644",17,2,2019-08-23 01:39:10,39.761,-70.8787,349.933,1542,"a",24.776,0.761,1.536,12.936,NA,"LTER","L11",1.42
"EN644",17,2,2019-08-23 01:39:10,39.761,-70.8787,349.933,1543,"b",24.974,0.843,1.558,13.118,NA,"LTER","L11",1.42
"EN644",17,3,2019-08-23 01:43:58,39.7601,-70.8781,200.67,1544,"a",16.66,0,0.988,6.766,NA,"LTER","L11",1.535
"EN644",17,3,2019-08-23 01:43:58,39.7601,-70.8781,200.67,1545,"b",16.666,0,0.983,6.704,NA,"LTER","L11",1.535
"EN644",17,4,2019-08-23 01:47:27,39.7592,-70.8779,90.155,1546,"a",7.969,0,0.423,2.62,NA,"LTER","L11",1.63
"EN644",17,4,2019-08-23 01:47:27,39.7592,-70.8779,90.155,1547,"b",7.973,0,0.429,2.636,NA,"LTER","L11",1.63
"EN644",17,7,2019-08-23 01:49:26,39.7587,-70.8777,70.537,1548,"a",7.068,0,0.347,2.224,NA,"LTER","L11",1.687
"EN644",17,7,2019-08-23 01:49:26,39.7587,-70.8777,70.537,1549,"b",7.036,0,0.349,2.202,NA,"LTER","L11",1.687
"EN644",17,10,2019-08-23 01:51:13,39.7583,-70.8775,52.769,1550,"a",3.832,0,0.166,1.293,NA,"LTER","L11",1.739
"EN644",17,10,2019-08-23 01:51:13,39.7583,-70.8775,52.769,1551,"b",3.819,0,0.157,1.351,NA,"LTER","L11",1.739
"EN644",17,14,2019-08-23 01:53:57,39.7578,-70.8773,20.149,1552,"a",0,0.052,0,0.576,NA,"LTER","L11",1.799
"EN644",17,14,2019-08-23 01:53:57,39.7578,-70.8773,20.149,1553,"b",0,0,0,0.56,NA,"LTER","L11",1.799
"EN644",17,18,2019-08-23 01:56:03,39.7576,-70.8766,2.325,1554,"a",0,0,0,0.323,NA,"LTER","L11",1.83
"EN644",17,18,2019-08-23 01:56:03,39.7576,-70.8766,2.325,1555,"b",0,0,0,0.314,NA,"LTER","L11",1.83
"EN644",22,2,2019-08-24 02:58:15,40.5138,-70.8833,71.123,1556,"a",8.577,0,0.879,19.273,NA,"LTER","L5",0.051
"EN644",22,2,2019-08-24 02:58:15,40.5138,-70.8833,71.123,1557,"b",8.577,0,0.888,19.282,NA,"LTER","L5",0.051
"EN644",22,4,2019-08-24 03:00:53,40.5142,-70.8835,45.311,1558,"a",5.732,0,0.747,8.727,NA,"LTER","L5",0.097
"EN644",22,4,2019-08-24 03:00:53,40.5142,-70.8835,45.311,1559,"b",5.653,0,0.735,8.579,NA,"LTER","L5",0.097
"EN644",22,6,2019-08-24 03:02:56,40.5145,-70.8837,30.382,1560,"a",4.946,0,0.706,8.243,NA,"LTER","L5",0.135
"EN644",22,6,2019-08-24 03:02:56,40.5145,-70.8837,30.382,1561,"b",4.945,0,0.705,8.196,NA,"LTER","L5",0.135
"EN644",22,9,2019-08-24 03:04:45,40.5147,-70.8839,21.28,1562,"a",0.927,0.388,0.37,2.356,NA,"LTER","L5",0.166
"EN644",22,9,2019-08-24 03:04:45,40.5147,-70.8839,21.28,1563,"b",0.916,0.395,0.366,2.38,NA,"LTER","L5",0.166
"EN644",22,14,2019-08-24 03:08:01,40.5152,-70.8841,13.092,1564,"a",0,0.319,0.083,0.208,NA,"LTER","L5",0.226
"EN644",22,14,2019-08-24 03:08:01,40.5152,-70.8841,13.092,1565,"b",0,0.281,0.083,0.259,NA,"LTER","L5",0.226
"EN644",22,18,2019-08-24 03:10:41,40.5158,-70.8844,2.178,1566,"a",0,0.028,0,0.136,NA,"LTER","L5",0.29
"EN644",22,18,2019-08-24 03:10:41,40.5158,-70.8844,2.178,1567,"b",0,0.035,0,0,NA,"LTER","L5",0.29
"EN644",23,2,2019-08-24 05:21:10,40.6975,-70.8979,61.812,1568,"a",8.812,0,0.968,22.052,NA,"LTER","L4",1.238
"EN644",23,2,2019-08-24 05:21:10,40.6975,-70.8979,61.812,1569,"b",8.863,0,0.961,22.104,NA,"LTER","L4",1.238
"EN644",23,3,2019-08-24 05:22:56,40.6976,-70.8984,49.843,1570,"a",8.301,0,0.945,17.986,NA,"LTER","L4",1.278
"EN644",23,3,2019-08-24 05:22:56,40.6976,-70.8984,49.843,1571,"b",8.231,0,0.937,17.881,NA,"LTER","L4",1.278
"EN644",23,5,2019-08-24 05:26:06,40.6978,-70.8992,30.254,1572,"a",0,0.459,0.261,1.809,NA,"LTER","L4",1.35
"EN644",23,5,2019-08-24 05:26:06,40.6978,-70.8992,30.254,1573,"b",0,0.43,0.26,1.865,NA,"LTER","L4",1.35
"EN644",23,10,2019-08-24 05:29:08,40.698,-70.9001,17.688,1574,"a",0,0.508,0.139,0.615,NA,"LTER","L4",1.425
"EN644",23,10,2019-08-24 05:29:08,40.698,-70.9001,17.688,1575,"b",0,0.559,0.134,0.575,NA,"LTER","L4",1.425
"EN644",23,13,2019-08-24 05:31:58,40.698,-70.9009,12.159,1576,"a",0,0.235,0.016,0.039,NA,"LTER","L4",1.491
"EN644",23,13,2019-08-24 05:31:58,40.698,-70.9009,12.159,1577,"b",0,0.224,0.02,0.136,NA,"LTER","L4",1.491
"EN644",23,18,2019-08-24 05:34:24,40.698,-70.9016,3.481,1578,"a",0,0.414,0,0,NA,"LTER","L4",1.549
"EN644",23,18,2019-08-24 05:34:24,40.698,-70.9016,3.481,1579,"b",0,0.041,0,0,NA,"LTER","L4",1.549
"EN644",29,2,2019-08-25 04:26:18,41.3182,-70.5852,15.218,1580,"a",0,0,0.311,0.403,NA,"LTER","MVCO",1.721
"EN644",29,2,2019-08-25 04:26:18,41.3182,-70.5852,15.218,1581,"b",0,0,0.309,0.399,NA,"LTER","MVCO",1.721
"EN644",29,4,2019-08-25 04:27:49,41.3185,-70.5857,6.644,1582,"a",0,0,0.281,0.127,NA,"LTER","MVCO",1.746
"EN644",29,4,2019-08-25 04:27:49,41.3185,-70.5857,6.644,1583,"b",0,0,0.281,0.124,NA,"LTER","MVCO",1.746
"EN644",29,8,2019-08-25 04:29:26,41.3187,-70.5861,3.694,1584,"a",0,0.032,0.276,0.054,NA,"LTER","MVCO",1.767
"EN644",29,8,2019-08-25 04:29:26,41.3187,-70.5861,3.694,1585,"b",0,0.036,0.287,0.063,NA,"LTER","MVCO",1.767
